PRIMARY_KEY,DATE,TIME,CONFIDENCE,IDENTITY,CLASSIFIED
"107481","2021-10-11","17:23:24","0.961583","1386","0",\N
"159410","2021-12-06","12:01:55","0.982392","3680","0",\N
"109725","2021-10-13","10:23:54","0.965896","172","0",\N
"62697","2021-09-21","10:18:46","0.944707","877","0",\N
"126195","2021-10-15","16:02:34","0.9123","971","0",\N
"65687","2021-09-21","11:22:10","0.977817","1533","0",\N
"23279","2021-08-26","10:09:09","0.997599","1636","0",\N
"47960","2021-09-11","17:12:29","0.900709","641","0",\N
"28328","2021-08-29","13:30:09","0.997785","626","0",\N
"45983","2021-09-10","11:07:37","0.99927","751","0",\N
"152779","2021-11-02","15:53:53","0.924358","1349","0",\N
"5909","2021-08-24","08:38:48","0.983387","428","0",\N
"141899","2021-10-25","10:36:34","0.991287","2087","0",\N
"36158","2021-08-30","17:21:14","0.985937","590","0",\N
"62028","2021-09-21","10:07:10","0.948672","761","0",\N
"128045","2021-10-18","17:20:22","0.962826","135","0",\N
"35087","2021-08-30","16:29:17","0.924775","142","0",\N
"84967","2021-10-01","17:36:36","0.994997","14","0",\N
"91620","2021-10-05","13:47:20","0.90764","1011","0",\N
"138793","2021-10-25","09:08:36","0.903449","782","0",\N
"56097","2021-09-21","07:58:41","0.980429","14","0",\N
"46563","2021-09-10","14:48:07","0.935961","1094","0",\N
"64715","2021-09-21","10:59:52","0.939016","1341","0",\N
"67629","2021-09-21","12:16:11","0.970337","2114","0",\N
"123766","2021-10-15","14:12:39","0.995107","404","0",\N
"52902","2021-09-19","15:31:29","0.971697","659","0",\N
"59473","2021-09-21","09:19:54","0.995873","233","0",\N
"124920","2021-10-15","15:21:49","0.988676","757","0",\N
"42727","2021-09-01","14:11:34","0.997453","2629","0",\N
"106660","2021-10-11","16:55:19","0.943587","1086","0",\N
"36854","2021-09-01","09:13:46","0.991492","121","0",\N
"81340","2021-09-23","13:10:43","0.917509","3520","0",\N
"83308","2021-09-30","12:21:53","0.958716","229","0",\N
"98897","2021-10-06","10:41:05","0.993072","921","0",\N
"72568","2021-09-21","14:37:02","0.900805","3467","0",\N
"83595","2021-09-30","14:16:40","0.916277","279","0",\N
"146651","2021-10-25","16:32:14","0.949217","5052","0",\N
"142977","2021-10-25","11:05:19","0.964","2743","0",\N
"86450","2021-10-03","16:38:39","0.961835","1027","0",\N
"131829","2021-10-22","12:12:06","0.945388","532","0",\N
"40744","2021-09-01","12:26:15","0.960305","1836","0",\N
"70680","2021-09-21","13:49:54","0.906051","2886","0",\N
"82175","2021-09-26","15:44:16","0.939711","329","0",\N
"120638","2021-10-14","15:42:55","0.988238","1665","0",\N
"109899","2021-10-13","10:27:10","0.988871","193","0",\N
"142215","2021-10-25","10:52:29","0.983835","2299","0",\N
"15329","2021-08-24","18:19:51","0.989806","519","0",\N
"72297","2021-09-21","14:27:06","0.992563","3415","0",\N
"41943","2021-09-01","13:38:46","0.942917","2469","0",\N
"92167","2021-10-05","14:06:14","0.98493","1052","0",\N
"24213","2021-08-26","10:50:30","0.940876","2039","0",\N
"28227","2021-08-29","13:28:54","0.938138","626","0",\N
"35770","2021-08-30","16:38:25","0.973239","235","0",\N
"29861","2021-08-29","14:57:43","0.901859","855","0",\N
"131281","2021-10-22","11:50:17","0.946344","365","0",\N
"95928","2021-10-05","17:28:44","0.973717","2064","0",\N
"72675","2021-09-21","14:41:10","0.985627","3498","0",\N
"44727","2021-09-02","08:39:33","0.997649","432","0",\N
"109194","2021-10-13","09:47:46","0.95722","118","0",\N
"156511","2021-12-05","14:24:37","0.907207","608","0",\N
"144560","2021-10-25","11:35:37","0.939177","3293","0",\N
"43409","2021-09-01","15:03:24","0.912362","3102","0",\N
"160125","2021-12-06","15:33:06","0.912192","5116","0",\N
"14821","2021-08-24","17:58:09","0.944902","295","0",\N
"18782","2021-08-26","08:18:10","0.945305","133","0",\N
"154563","2021-11-30","11:55:35","0.93135","1190","0",\N
"100341","2021-10-06","12:00:50","0.992987","1558","0",\N
"110212","2021-10-13","10:35:28","0.948041","266","0",\N
"24795","2021-08-28","17:45:41","0.958938","4","0",\N
"157266","2021-12-05","15:41:16","0.965729","2258","0",\N
"40606","2021-09-01","12:23:50","0.95654","1769","0",\N
"27821","2021-08-29","13:24:22","0.994624","625","0",\N
"24455","2021-08-26","12:56:44","0.994375","3363","0",\N
"81497","2021-09-25","15:21:31","0.973564","37","0",\N
"152782","2021-11-02","15:54:01","0.941952","1329","0",\N
"156527","2021-12-05","14:25:08","0.98087","695","0",\N
"35086","2021-08-30","16:29:17","0.985409","116","0",\N
"33171","2021-08-30","08:20:08","0.942837","279","0",\N
"68550","2021-09-21","12:40:30","0.999368","2306","0",\N
"37802","2021-09-01","10:28:20","0.929798","906","0",\N
"107509","2021-10-11","17:24:22","0.98889","1388","0",\N
"32895","2021-08-30","07:41:13","0.954006","86","0",\N
"126541","2021-10-15","16:10:26","0.911508","983","0",\N
"57010","2021-09-21","08:21:06","0.95859","115","0",\N
"120182","2021-10-14","15:23:03","0.992935","1557","0",\N
"51234","2021-09-18","18:20:16","0.9839","957","0",\N
"29791","2021-08-29","14:56:58","0.969866","855","0",\N
"20707","2021-08-26","08:53:21","0.928258","595","0",\N
"93609","2021-10-05","15:29:44","0.960746","1432","0",\N
"24405","2021-08-26","12:03:50","0.990129","2792","0",\N
"138123","2021-10-25","08:58:34","0.968175","447","0",\N
"19993","2021-08-26","08:41:34","0.976179","593","0",\N
"39854","2021-09-01","11:21:19","0.965582","1341","0",\N
"48547","2021-09-12","15:15:09","0.91244","463","0",\N
"44485","2021-09-02","08:30:07","0.993741","338","0",\N
"135685","2021-10-24","16:28:12","0.921601","707","0",\N
"78901","2021-09-23","08:18:54","0.992635","223","0",\N
"16718","2021-08-25","18:09:11","0.92831","333","0",\N
"135529","2021-10-24","16:26:34","0.960172","707","0",\N
"137140","2021-10-25","08:26:16","0.910269","227","0",\N
"145188","2021-10-25","12:00:59","0.977442","3551","0",\N
"115257","2021-10-14","11:45:38","0.972567","564","0",\N
"84535","2021-10-01","17:19:06","0.90824","7","0",\N
"77899","2021-09-22","16:57:18","0.962885","125","0",\N
"130252","2021-10-19","17:19:47","0.905985","290","0",\N
"3594","2021-08-24","08:07:10","0.972832","4","0",\N
"38226","2021-09-01","10:32:19","0.923269","946","0",\N
"134482","2021-10-23","15:37:09","0.946318","313","0",\N
"114456","2021-10-14","10:02:03","0.994855","277","0",\N
"53806","2021-09-19","16:37:17","0.990722","1152","0",\N
"38673","2021-09-01","10:40:33","0.995802","1034","0",\N
"120471","2021-10-14","15:38:55","0.958744","1635","0",\N
"24387","2021-08-26","11:48:24","0.917159","2663","0",\N
"34309","2021-08-30","09:05:15","0.938573","798","0",\N
"30255","2021-08-29","15:06:55","0.986206","899","0",\N
"93958","2021-10-05","15:41:04","0.92961","1514","0",\N
"64765","2021-09-21","11:00:55","0.92668","1341","0",\N
"40704","2021-09-01","12:25:42","0.99641","1836","0",\N
"85151","2021-10-01","17:39:04","0.959407","14","0",\N
"110397","2021-10-13","11:06:50","0.986673","346","0",\N
"78933","2021-09-23","08:19:20","0.977912","223","0",\N
"82466","2021-09-26","17:48:02","0.99615","653","0",\N
"101887","2021-10-06","14:45:06","0.982352","2128","0",\N
"115235","2021-10-14","11:45:16","0.916619","564","0",\N
"107167","2021-10-11","17:10:53","0.935756","1265","0",\N
"142994","2021-10-25","11:05:23","0.993792","2743","0",\N
"115794","2021-10-14","12:04:49","0.992902","584","0",\N
"112281","2021-10-13","16:40:34","0.959854","113","0",\N
"39928","2021-09-01","11:22:08","0.950704","1343","0",\N
"57129","2021-09-21","08:22:49","0.976395","114","0",\N
"127136","2021-10-15","17:17:41","0.959184","1084","0",\N
"72680","2021-09-21","14:41:22","0.918151","3497","0",\N
"38676","2021-09-01","10:40:34","0.93543","1051","0",\N
"52467","2021-09-19","14:54:54","0.913344","377","0",\N
"117196","2021-10-14","12:31:26","0.987195","817","0",\N
"100301","2021-10-06","12:00:16","0.962577","1558","0",\N
"146524","2021-10-25","16:28:03","0.989643","5036","0",\N
"49884","2021-09-18","16:24:05","0.907951","599","0",\N
"35085","2021-08-30","16:29:16","0.977006","143","0",\N
"3643","2021-08-24","08:07:40","0.948626","3","0",\N
"32384","2021-08-30","07:35:35","0.912445","70","0",\N
"45755","2021-09-10","10:31:08","0.903232","535","0",\N
"338","2021-08-23","18:10:30","0.95976","91","0",\N
"77875","2021-09-22","16:57:01","0.99203","91","0",\N
"5052","2021-08-24","08:27:21","0.996891","192","0",\N
"53262","2021-09-19","16:04:25","0.90788","934","0",\N
"3435","2021-08-24","08:04:16","0.981309","2","0",\N
"126042","2021-10-15","15:54:14","0.913212","924","0",\N
"125381","2021-10-15","15:30:59","0.938074","738","0",\N
"152362","2021-11-02","15:45:09","0.973539","1284","0",\N
"72264","2021-09-21","14:25:03","0.953839","3387","0",\N
"80643","2021-09-23","09:53:33","0.964777","1006","0",\N
"103040","2021-10-06","16:07:02","0.972673","2456","0",\N
"131116","2021-10-22","11:15:14","0.902889","290","0",\N
"63122","2021-09-21","10:24:55","0.991849","984","0",\N
"156886","2021-12-05","14:36:48","0.91679","1084","0",\N
"70594","2021-09-21","13:48:19","0.9012","2877","0",\N
"2229","2021-08-24","07:42:10","0.905524","101","0",\N
"47612","2021-09-11","16:06:34","0.991421","398","0",\N
"79700","2021-09-23","08:38:09","0.982851","368","0",\N
"156609","2021-12-05","14:30:29","0.928516","844","0",\N
"82198","2021-09-26","15:45:28","0.982863","335","0",\N
"79261","2021-09-23","08:26:43","0.908548","275","0",\N
"34549","2021-08-30","09:10:48","0.947704","820","0",\N
"126111","2021-10-15","15:56:06","0.950732","922","0",\N
"32407","2021-08-30","07:35:52","0.990691","64","0",\N
"36674","2021-09-01","09:10:46","0.912024","114","0",\N
"136977","2021-10-25","08:23:58","0.975185","199","0",\N
"23559","2021-08-26","10:20:40","0.970994","1688","0",\N
"82541","2021-09-26","18:03:51","0.974056","676","0",\N
"47979","2021-09-11","17:22:02","0.913625","705","0",\N
"129970","2021-10-19","17:16:06","0.99144","279","0",\N
"22259","2021-08-26","09:49:25","0.969903","1298","0",\N
"57610","2021-09-21","08:29:58","0.928667","186","0",\N
"62236","2021-09-21","10:10:20","0.955276","815","0",\N
"68585","2021-09-21","12:41:11","0.994729","2307","0",\N
"1514","2021-08-23","18:44:08","0.946093","606","0",\N
"14023","2021-08-24","11:11:21","0.952025","2094","0",\N
"105350","2021-10-11","15:10:46","0.983669","1","0",\N
"15877","2021-08-24","18:35:03","0.991933","669","0",\N
"9693","2021-08-24","09:28:59","0.99739","1185","0",\N
"3525","2021-08-24","08:04:55","0.97301","2","0",\N
"47103","2021-09-10","15:09:41","0.905168","1169","0",\N
"73241","2021-09-21","14:55:56","0.935759","3645","0",\N
"159046","2021-12-06","11:18:10","0.989588","2921","0",\N
"141687","2021-10-25","10:34:08","0.927462","2026","0",\N
"30855","2021-08-29","16:44:31","0.942359","1331","0",\N
"152880","2021-11-14","14:48:16","0.947299","111","0",\N
"114948","2021-10-14","11:34:52","0.930217","564","0",\N
"110512","2021-10-13","11:45:58","0.968797","459","0",\N
"96810","2021-10-06","09:02:14","0.915793","206","0",\N
"69453","2021-09-21","13:05:48","0.938405","2576","0",\N
"138701","2021-10-25","09:07:18","0.97289","782","0",\N
"117706","2021-10-14","13:22:17","0.957082","1139","0",\N
"108684","2021-10-13","09:22:47","0.991894","64","0",\N
"60927","2021-09-21","09:47:56","0.996601","491","0",\N
"99657","2021-10-06","11:36:24","0.915157","1375","0",\N
"60391","2021-09-21","09:33:31","0.984017","420","0",\N
"1891","2021-08-23","18:52:42","0.986385","700","0",\N
"113730","2021-10-13","17:36:40","0.920497","495","0",\N
"83864","2021-09-30","15:44:14","0.917814","369","0",\N
"71153","2021-09-21","14:03:30","0.933098","3047","0",\N
"72598","2021-09-21","14:37:54","0.986522","3467","0",\N
"49258","2021-09-18","15:17:56","0.940224","220","0",\N
"142143","2021-10-25","10:51:46","0.959449","2296","0",\N
"42226","2021-09-01","13:52:40","0.974787","2547","0",\N
"24505","2021-08-26","13:02:56","0.979551","3546","0",\N
"151782","2021-11-02","14:31:11","0.981895","1018","0",\N
"137766","2021-10-25","08:53:23","0.971952","449","0",\N
"123701","2021-10-15","14:01:46","0.979877","331","0",\N
"2273","2021-08-24","07:42:34","0.998674","93","0",\N
"121796","2021-10-14","17:19:03","0.973946","1949","0",\N
"17108","2021-08-25","18:29:52","0.914448","398","0",\N
"133371","2021-10-22","15:34:28","0.90782","1112","0",\N
"10195","2021-08-24","09:33:32","0.917697","1181","0",\N
"132562","2021-10-22","13:09:13","0.944612","758","0",\N
"132160","2021-10-22","12:22:30","0.947142","590","0",\N
"146418","2021-10-25","15:33:33","0.946677","4536","0",\N
"92908","2021-10-05","14:43:28","0.94064","1205","0",\N
"64270","2021-09-21","10:49:28","0.92193","1221","0",\N
"135965","2021-10-24","16:50:26","0.955169","885","0",\N
"121648","2021-10-14","17:13:35","0.978755","1931","0",\N
"51112","2021-09-18","17:59:23","0.959556","931","0",\N
"97132","2021-10-06","09:45:22","0.962886","367","0",\N
"5899","2021-08-24","08:38:46","0.984728","428","0",\N
"154820","2021-11-30","12:05:40","0.939584","1393","0",\N
"18477","2021-08-26","08:12:50","0.924667","133","0",\N
"62179","2021-09-21","10:09:13","0.908326","807","0",\N
"59273","2021-09-21","09:16:02","0.976259","233","0",\N
"98353","2021-10-06","10:28:13","0.941234","796","0",\N
"153029","2021-11-14","14:53:08","0.956302","249","0",\N
"17288","2021-08-25","19:06:22","0.906059","23","0",\N
"140947","2021-10-25","09:43:30","0.936738","1716","0",\N
"56893","2021-09-21","08:08:50","0.960312","94","0",\N
"150163","2021-10-29","10:15:55","0.954751","1145","0",\N
"155403","2021-12-03","15:14:55","0.974895","1651","0",\N
"32610","2021-08-30","07:37:54","0.977403","97","0",\N
"35339","2021-08-30","16:33:49","0.995973","199","0",\N
"139611","2021-10-25","09:22:16","0.931337","1066","0",\N
"117476","2021-10-14","13:00:17","0.994966","941","0",\N
"117296","2021-10-14","12:54:57","0.994273","912","0",\N
"36629","2021-09-01","09:09:58","0.975574","97","0",\N
"155059","2021-12-03","08:35:11","0.900437","226","0",\N
"23709","2021-08-26","10:23:20","0.924079","1688","0",\N
"66535","2021-09-21","11:47:52","0.935575","1704","0",\N
"42128","2021-09-01","13:43:07","0.948902","2469","0",\N
"18919","2021-08-26","08:19:38","0.930767","133","0",\N
"56130","2021-09-21","07:58:54","0.997553","18","0",\N
"90942","2021-10-05","12:38:05","0.933741","800","0",\N
"50259","2021-09-18","16:31:57","0.985097","676","0",\N
"60992","2021-09-21","09:48:32","0.978328","521","0",\N
"46487","2021-09-10","13:23:18","0.962402","1006","0",\N
"132353","2021-10-22","12:40:37","0.950948","667","0",\N
"45722","2021-09-10","10:30:26","0.949988","535","0",\N
"144158","2021-10-25","11:29:29","0.911464","3297","0",\N
"144917","2021-10-25","11:58:05","0.972606","3551","0",\N
"108408","2021-10-13","09:13:23","0.917144","25","0",\N
"151145","2021-11-02","11:20:32","0.900708","120","0",\N
"155381","2021-12-03","15:14:36","0.980734","1644","0",\N
"122820","2021-10-15","13:17:57","0.946354","42","0",\N
"36944","2021-09-01","09:19:31","0.937522","201","0",\N
"113295","2021-10-13","17:12:16","0.917617","400","0",\N
"23619","2021-08-26","10:21:18","0.973798","1688","0",\N
"116838","2021-10-14","12:22:03","0.988163","793","0",\N
"100780","2021-10-06","12:45:53","0.970742","1737","0",\N
"86146","2021-10-03","16:14:56","0.940441","937","0",\N
"15557","2021-08-24","18:29:38","0.981309","615","0",\N
"2391","2021-08-24","07:43:20","0.970748","92","0",\N
"92939","2021-10-05","14:44:02","0.978289","1205","0",\N
"132638","2021-10-22","13:22:46","0.982135","790","0",\N
"48132","2021-09-11","18:00:55","0.954912","941","0",\N
"124799","2021-10-15","15:04:11","0.904674","666","0",\N
"46163","2021-09-10","11:49:59","0.968629","892","0",\N
"131927","2021-10-22","12:14:29","0.939151","539","0",\N
"34455","2021-08-30","09:10:02","0.997144","819","0",\N
"108024","2021-10-11","17:41:57","0.965309","1476","0",\N
"145521","2021-10-25","15:20:45","0.953301","4345","0",\N
"25702","2021-08-28","18:47:56","0.963328","5","0",\N
"30557","2021-08-29","16:21:50","0.922686","1184","0",\N
"58411","2021-09-21","08:54:14","0.954265","233","0",\N
"1252","2021-08-23","18:37:44","0.966838","466","0",\N
"126267","2021-10-15","16:04:51","0.989438","971","0",\N
"38486","2021-09-01","10:39:02","0.980491","1036","0",\N
"94628","2021-10-05","16:24:31","0.987907","1634","0",\N
"144559","2021-10-25","11:35:35","0.959319","3293","0",\N
"26479","2021-08-29","12:17:10","0.916079","190","0",\N
"157406","2021-12-05","15:53:44","0.936671","2549","0",\N
"58219","2021-09-21","08:45:15","0.919819","233","0",\N
"45515","2021-09-10","10:10:05","0.944548","410","0",\N
"17570","2021-08-26","07:53:21","0.993145","98","0",\N
"54629","2021-09-19","17:26:39","0.992629","1433","0",\N
"38979","2021-09-01","10:43:14","0.998716","1036","0",\N
"129758","2021-10-19","17:11:15","0.926315","218","0",\N
"37829","2021-09-01","10:28:42","0.983267","920","0",\N
"148784","2021-10-29","09:44:30","0.998113","505","0",\N
"128917","2021-10-19","11:53:25","0.971789","657","0",\N
"46068","2021-09-10","11:09:24","0.951332","761","0",\N
"151478","2021-11-02","13:38:03","0.971456","741","0",\N
"32804","2021-08-30","07:39:59","0.963074","70","0",\N
"152408","2021-11-02","15:45:42","0.955128","1284","0",\N
"58297","2021-09-21","08:48:52","0.968866","233","0",\N
"91241","2021-10-05","12:57:19","0.970405","862","0",\N
"135451","2021-10-24","16:25:56","0.979487","735","0",\N
"28790","2021-08-29","14:05:14","0.929146","732","0",\N
"79636","2021-09-23","08:33:10","0.991351","308","0",\N
"105716","2021-10-11","15:32:05","0.985323","201","0",\N
"10960","2021-08-24","09:53:15","0.97141","1392","0",\N
"23134","2021-08-26","10:05:32","0.917455","1567","0",\N
"41743","2021-09-01","13:34:09","0.992327","2373","0",\N
"94376","2021-10-05","16:19:39","0.932995","1623","0",\N
"48289","2021-09-11","18:12:02","0.924808","941","0",\N
"27129","2021-08-29","13:07:58","0.968865","521","0",\N
"53984","2021-09-19","16:44:25","0.976522","1173","0",\N
"28451","2021-08-29","13:46:57","0.977184","701","0",\N
"141342","2021-10-25","10:06:32","0.96896","1859","0",\N
"64792","2021-09-21","11:01:13","0.93248","1341","0",\N
"21657","2021-08-26","09:16:57","0.986801","1206","0",\N
"80468","2021-09-23","09:33:21","0.967513","832","0",\N
"33706","2021-08-30","08:32:33","0.937298","422","0",\N
"144395","2021-10-25","11:33:43","0.972371","3349","0",\N
"118400","2021-10-14","13:53:09","0.986299","1244","0",\N
"86750","2021-10-03","17:19:52","0.909143","1112","0",\N
"52272","2021-09-19","14:50:47","0.976589","381","0",\N
"52222","2021-09-19","14:49:49","0.969908","340","0",\N
"152464","2021-11-02","15:47:18","0.917895","1292","0",\N
"987","2021-08-23","18:33:27","0.936659","423","0",\N
"132907","2021-10-22","13:32:48","0.910719","880","0",\N
"95031","2021-10-05","16:46:42","0.938286","1730","0",\N
"31691","2021-08-29","18:21:32","0.996944","1945","0",\N
"10713","2021-08-24","09:41:54","0.989996","1262","0",\N
"129766","2021-10-19","17:11:42","0.905202","218","0",\N
"116187","2021-10-14","12:11:03","0.977026","683","0",\N
"136914","2021-10-25","08:22:57","0.944977","199","0",\N
"156862","2021-12-05","14:36:16","0.97363","1079","0",\N
"695","2021-08-23","18:18:49","0.998456","226","0",\N
"90975","2021-10-05","12:38:48","0.989545","801","0",\N
"105624","2021-10-11","15:28:02","0.968445","84","0",\N
"136416","2021-10-25","08:05:45","0.952291","31","0",\N
"64795","2021-09-21","11:01:15","0.929058","1341","0",\N
"31683","2021-08-29","18:08:22","0.918383","1931","0",\N
"99690","2021-10-06","11:37:00","0.969259","1374","0",\N
"95138","2021-10-05","17:01:42","0.946285","1789","0",\N
"97261","2021-10-06","09:48:07","0.921375","336","0",\N
"80975","2021-09-23","10:03:45","0.910079","1121","0",\N
"81657","2021-09-25","15:45:18","0.908862","159","0",\N
"138309","2021-10-25","09:01:01","0.949939","607","0",\N
"20403","2021-08-26","08:47:11","0.902382","675","0",\N
"18492","2021-08-26","08:13:14","0.953207","133","0",\N
"154085","2021-11-14","16:18:52","0.957569","1215","0",\N
"100519","2021-10-06","12:23:08","0.942957","1625","0",\N
"100282","2021-10-06","12:00:03","0.925482","1558","0",\N
"148131","2021-10-29","09:31:55","0.927165","334","0",\N
"31070","2021-08-29","16:48:45","0.998249","1391","0",\N
"147222","2021-10-25","17:03:41","0.939606","5362","0",\N
"79978","2021-09-23","09:01:50","0.96197","523","0",\N
"93667","2021-10-05","15:34:56","0.980038","1482","0",\N
"14497","2021-08-24","11:22:55","0.971706","2209","0",\N
"81623","2021-09-25","15:33:02","0.968898","98","0",\N
"57441","2021-09-21","08:26:42","0.916221","164","0",\N
"98720","2021-10-06","10:36:06","0.962556","899","0",\N
"127722","2021-10-15","17:27:34","0.910668","1084","0",\N
"74286","2021-09-21","16:26:30","0.978879","3955","0",\N
"90468","2021-10-05","11:40:31","0.984009","692","0",\N
"35681","2021-08-30","16:37:23","0.98678","217","0",\N
"66220","2021-09-21","11:39:37","0.954933","1655","0",\N
"28222","2021-08-29","13:28:52","0.978682","626","0",\N
"13578","2021-08-24","10:29:08","0.955665","1667","0",\N
"148687","2021-10-29","09:43:47","0.993921","499","0",\N
"84367","2021-09-30","17:59:15","0.978331","491","0",\N
"136821","2021-10-25","08:20:36","0.945621","169","0",\N
"62390","2021-09-21","10:12:46","0.992986","799","0",\N
"121795","2021-10-14","17:19:03","0.934274","1949","0",\N
"73657","2021-09-21","15:24:39","0.953392","3786","0",\N
"142879","2021-10-25","11:03:49","0.948548","2737","0",\N
"6247","2021-08-24","08:50:57","0.973962","642","0",\N
"14527","2021-08-24","11:25:05","0.976908","2230","0",\N
"127060","2021-10-15","17:16:34","0.936761","1084","0",\N
"52748","2021-09-19","15:16:46","0.926677","569","0",\N
"101761","2021-10-06","14:43:49","0.958155","2128","0",\N
"61279","2021-09-21","09:51:43","0.918413","521","0",\N
"79047","2021-09-23","08:21:17","0.97485","233","0",\N
"9015","2021-08-24","09:19:32","0.960067","1013","0",\N
"36264","2021-08-30","17:22:08","0.991827","590","0",\N
"27531","2021-08-29","13:12:48","0.96663","524","0",\N
"29812","2021-08-29","14:57:11","0.937771","855","0",\N
"16394","2021-08-25","17:51:54","0.949414","214","0",\N
"87376","2021-10-04","17:17:05","0.906336","623","0",\N
"114148","2021-10-14","09:21:06","0.942349","192","0",\N
"139425","2021-10-25","09:18:04","0.952838","965","0",\N
"98051","2021-10-06","10:18:22","0.921919","717","0",\N
"88428","2021-10-05","08:15:50","0.901521","96","0",\N
"127672","2021-10-15","17:26:22","0.955181","1084","0",\N
"100261","2021-10-06","11:59:51","0.994432","1558","0",\N
"115354","2021-10-14","11:57:51","0.973475","584","0",\N
"145623","2021-10-25","15:24:11","0.94014","4410","0",\N
"134121","2021-10-23","15:02:52","0.918363","79","0",\N
"97539","2021-10-06","09:54:04","0.936177","487","0",\N
"101199","2021-10-06","13:34:18","0.967646","1938","0",\N
"130956","2021-10-22","10:50:09","0.90623","241","0",\N
"137193","2021-10-25","08:46:03","0.985162","395","0",\N
"65572","2021-09-21","11:19:40","0.985828","1533","0",\N
"37381","2021-09-01","10:05:03","0.935327","571","0",\N
"160666","2021-12-07","11:33:35","0.957449","1130","0",\N
"89046","2021-10-05","09:18:19","0.915519","315","0",\N
"35561","2021-08-30","16:36:22","0.918667","233","0",\N
"160298","2021-12-07","07:50:06","0.907325","577","0",\N
"27226","2021-08-29","13:08:49","0.930346","529","0",\N
"157542","2021-12-05","16:18:52","0.979945","2968","0",\N
"120243","2021-10-14","15:24:01","0.962283","1557","0",\N
"16343","2021-08-25","17:35:14","0.993248","27","0",\N
"44957","2021-09-02","08:43:24","0.916714","452","0",\N
"84178","2021-09-30","16:27:47","0.960063","439","0",\N
"40789","2021-09-01","12:27:05","0.929984","1840","0",\N
"684","2021-08-23","18:18:38","0.996892","226","0",\N
"96057","2021-10-05","18:00:18","0.980964","2171","0",\N
"99945","2021-10-06","11:44:08","0.930561","1400","0",\N
"41621","2021-09-01","13:30:58","0.928258","2329","0",\N
"69210","2021-09-21","12:58:54","0.993021","2562","0",\N
"119688","2021-10-14","15:02:09","0.958999","1481","0",\N
"4347","2021-08-24","08:17:18","0.982071","37","0",\N
"142129","2021-10-25","10:51:38","0.957366","2293","0",\N
"33592","2021-08-30","08:25:50","0.988241","363","0",\N
"62100","2021-09-21","10:08:01","0.981591","726","0",\N
"3343","2021-08-24","07:53:56","0.902862","298","0",\N
"52988","2021-09-19","15:33:00","0.966234","659","0",\N
"3058","2021-08-24","07:50:59","0.997585","132","0",\N
"41398","2021-09-01","13:24:10","0.992938","2253","0",\N
"39088","2021-09-01","10:44:03","0.958203","1092","0",\N
"61868","2021-09-21","10:04:10","0.993002","724","0",\N
"60169","2021-09-21","09:29:24","0.922002","390","0",\N
"87686","2021-10-04","18:08:19","0.966708","825","0",\N
"42189","2021-09-01","13:52:07","0.962073","2559","0",\N
"19670","2021-08-26","08:37:15","0.972067","547","0",\N
"97801","2021-10-06","10:14:07","0.964588","657","0",\N
"30454","2021-08-29","16:18:42","0.9543","1110","0",\N
"2506","2021-08-24","07:44:20","0.970879","94","0",\N
"31226","2021-08-29","17:25:50","0.981383","1669","0",\N
"34133","2021-08-30","08:46:02","0.953701","602","0",\N
"29039","2021-08-29","14:36:04","0.910222","800","0",\N
"125639","2021-10-15","15:46:29","0.985627","841","0",\N
"2669","2021-08-24","07:46:10","0.987916","108","0",\N
"51082","2021-09-18","17:58:27","0.998429","929","0",\N
"146650","2021-10-25","16:32:13","0.923383","5055","0",\N
"159090","2021-12-06","11:27:26","0.927053","3025","0",\N
"99421","2021-10-06","11:29:31","0.952263","1301","0",\N
"21742","2021-08-26","09:17:56","0.977019","1099","0",\N
"92339","2021-10-05","14:15:09","0.918362","1085","0",\N
"38116","2021-09-01","10:31:30","0.916737","931","0",\N
"151329","2021-11-02","12:13:23","0.975103","412","0",\N
"11202","2021-08-24","09:56:40","0.970267","1408","0",\N
"16350","2021-08-25","17:35:23","0.98091","27","0",\N
"150668","2021-11-02","09:17:00","0.980741","23","0",\N
"149136","2021-10-29","09:55:45","0.98561","656","0",\N
"51397","2021-09-18","18:26:34","0.979564","969","0",\N
"97846","2021-10-06","10:14:44","0.978896","659","0",\N
"45034","2021-09-02","08:44:51","0.990958","486","0",\N
"154088","2021-11-14","16:19:06","0.997914","1215","0",\N
"95906","2021-10-05","17:28:18","0.908168","2112","0",\N
"73873","2021-09-21","15:38:45","0.919932","3813","0",\N
"58649","2021-09-21","09:02:14","0.927193","233","0",\N
"78631","2021-09-22","17:51:55","0.908634","396","0",\N
"119211","2021-10-14","14:16:12","0.966882","1349","0",\N
"122877","2021-10-15","13:19:19","0.94715","51","0",\N
"51013","2021-09-18","17:23:49","0.935495","904","0",\N
"43072","2021-09-01","14:49:32","0.944395","2822","0",\N
"13354","2021-08-24","10:27:05","0.971936","1667","0",\N
"102554","2021-10-06","15:55:16","0.919304","2325","0",\N
"15823","2021-08-24","18:34:17","0.921938","616","0",\N
"43067","2021-09-01","14:49:29","0.970739","2819","0",\N
"107287","2021-10-11","17:15:14","0.96646","1264","0",\N
"85038","2021-10-01","17:37:46","0.993103","14","0",\N
"158049","2021-12-06","08:39:06","0.954226","413","0",\N
"72226","2021-09-21","14:24:11","0.948045","3358","0",\N
"54703","2021-09-19","17:28:02","0.987068","1435","0",\N
"15830","2021-08-24","18:34:24","0.904655","617","0",\N
"64689","2021-09-21","10:59:32","0.963392","1341","0",\N
"25749","2021-08-28","18:50:44","0.93846","23","0",\N
"120673","2021-10-14","15:43:18","0.91057","1665","0",\N
"21201","2021-08-26","09:03:23","0.903511","996","0",\N
"143214","2021-10-25","11:10:45","0.930683","2933","0",\N
"59085","2021-09-21","09:13:26","0.978784","233","0",\N
"132288","2021-10-22","12:37:23","0.928776","667","0",\N
"135821","2021-10-24","16:29:47","0.972566","707","0",\N
"27555","2021-08-29","13:13:07","0.911396","529","0",\N
"51183","2021-09-18","18:01:05","0.986185","942","0",\N
"131351","2021-10-22","11:52:04","0.975344","365","0",\N
"9438","2021-08-24","09:26:14","0.951789","1178","0",\N
"135042","2021-10-23","17:12:24","0.914456","864","0",\N
"49656","2021-09-18","15:35:22","0.971176","308","0",\N
"119166","2021-10-14","14:08:12","0.936635","1289","0",\N
"21638","2021-08-26","09:16:35","0.942954","1206","0",\N
"25318","2021-08-28","18:26:19","0.956263","116","0",\N
"158391","2021-12-06","09:50:07","0.912494","1399","0",\N
"77337","2021-09-22","10:46:57","0.985448","1180","0",\N
"42845","2021-09-01","14:14:17","0.923909","2672","0",\N
"109944","2021-10-13","10:27:47","0.973799","226","0",\N
"119289","2021-10-14","14:24:25","0.996425","1423","0",\N
"89501","2021-10-05","09:28:04","0.921625","367","0",\N
"29159","2021-08-29","14:37:42","0.99366","815","0",\N
"105296","2021-10-11","15:09:30","0.936604","10","0",\N
"31804","2021-08-29","18:23:09","0.936607","1952","0",\N
"24515","2021-08-26","13:21:00","0.905014","3650","0",\N
"3235","2021-08-24","07:52:51","0.96906","296","0",\N
"126622","2021-10-15","16:12:49","0.991427","1013","0",\N
"59834","2021-09-21","09:24:35","0.992811","323","0",\N
"28821","2021-08-29","14:06:44","0.960334","748","0",\N
"42883","2021-09-01","14:14:39","0.988037","2653","0",\N
"11123","2021-08-24","09:55:40","0.900288","1410","0",\N
"150415","2021-11-01","16:26:08","0.991265","2","0",\N
"78688","2021-09-22","17:52:45","0.92399","372","0",\N
"145075","2021-10-25","11:59:44","0.972669","3551","0",\N
"57267","2021-09-21","08:24:03","0.995478","114","0",\N
"86369","2021-10-03","16:37:11","0.990756","1027","0",\N
"18111","2021-08-26","08:04:18","0.98118","227","0",\N
"124517","2021-10-15","14:42:27","0.95656","529","0",\N
"85964","2021-10-03","15:32:36","0.94327","711","0",\N
"79802","2021-09-23","08:46:43","0.965182","423","0",\N
"4799","2021-08-24","08:24:43","0.99336","198","0",\N
"35105","2021-08-30","16:29:27","0.964388","82","0",\N
"71359","2021-09-21","14:07:42","0.975345","3136","0",\N
"44245","2021-09-02","08:26:57","0.977028","291","0",\N
"25440","2021-08-28","18:29:39","0.991082","135","0",\N
"77549","2021-09-22","16:52:24","0.949351","96","0",\N
"55945","2021-09-21","07:57:05","0.920448","18","0",\N
"154325","2021-11-30","11:36:56","0.917536","694","0",\N
"105831","2021-10-11","15:36:24","0.981631","231","0",\N
"8509","2021-08-24","09:15:19","0.995306","781","0",\N
"63093","2021-09-21","10:24:07","0.992578","942","0",\N
"136011","2021-10-24","16:51:35","0.935028","885","0",\N
"65293","2021-09-21","11:12:50","0.951214","1504","0",\N
"92625","2021-10-05","14:34:10","0.995953","1158","0",\N
"65190","2021-09-21","11:10:30","0.971352","1493","0",\N
"157052","2021-12-05","15:11:56","0.930174","1836","0",\N
"127556","2021-10-15","17:24:21","0.974971","1084","0",\N
"13470","2021-08-24","10:28:07","0.920457","1870","0",\N
"161428","2021-12-07","15:54:24","0.942563","3366","0",\N
"28833","2021-08-29","14:06:52","0.922962","748","0",\N
"129227","2021-10-19","16:33:48","0.947945","59","0",\N
"136867","2021-10-25","08:21:59","0.938975","200","0",\N
"60807","2021-09-21","09:45:32","0.908288","474","0",\N
"115178","2021-10-14","11:43:01","0.910678","564","0",\N
"3600","2021-08-24","08:07:11","0.928932","9","0",\N
"91386","2021-10-05","13:25:19","0.957086","955","0",\N
"85140","2021-10-01","17:38:56","0.971861","14","0",\N
"29438","2021-08-29","14:40:55","0.988969","815","0",\N
"122837","2021-10-15","13:18:27","0.947266","64","0",\N
"62373","2021-09-21","10:12:27","0.957389","799","0",\N
"109935","2021-10-13","10:27:40","0.916047","216","0",\N
"111119","2021-10-13","12:10:51","0.969349","564","0",\N
"114266","2021-10-14","09:23:50","0.942027","193","0",\N
"158195","2021-12-06","09:23:50","0.969018","822","0",\N
"73101","2021-09-21","14:50:04","0.982313","3561","0",\N
"61929","2021-09-21","10:04:56","0.997515","726","0",\N
"54239","2021-09-19","17:08:34","0.94096","1295","0",\N
"49739","2021-09-18","16:16:03","0.963044","540","0",\N
"85701","2021-10-03","15:09:06","0.901362","444","0",\N
"133651","2021-10-22","16:14:36","0.956558","1318","0",\N
"23886","2021-08-26","10:30:14","0.924664","1889","0",\N
"52435","2021-09-19","14:53:58","0.968317","391","0",\N
"12235","2021-08-24","10:08:57","0.945135","1559","0",\N
"59505","2021-09-21","09:20:54","0.97255","233","0",\N
"16472","2021-08-25","17:53:48","0.929308","224","0",\N
"125717","2021-10-15","15:49:12","0.969173","876","0",\N
"141833","2021-10-25","10:35:25","0.910515","2016","0",\N
"90758","2021-10-05","12:32:20","0.958307","780","0",\N
"9209","2021-08-24","09:21:45","0.972484","1078","0",\N
"67472","2021-09-21","12:10:56","0.96639","1989","0",\N
"159001","2021-12-06","10:58:36","0.928394","2837","0",\N
"42561","2021-09-01","14:00:37","0.943831","2588","0",\N
"124587","2021-10-15","14:59:41","0.984408","634","0",\N
"124856","2021-10-15","15:05:26","0.911685","686","0",\N
"137951","2021-10-25","08:55:59","0.967109","484","0",\N
"113605","2021-10-13","17:19:29","0.938159","436","0",\N
"10736","2021-08-24","09:42:16","0.978532","1263","0",\N
"148538","2021-10-29","09:36:57","0.98302","362","0",\N
"8144","2021-08-24","09:11:18","0.998476","872","0",\N
"23437","2021-08-26","10:11:52","0.959128","1638","0",\N
"140510","2021-10-25","09:36:46","0.951714","1571","0",\N
"68488","2021-09-21","12:38:15","0.992345","2293","0",\N
"74222","2021-09-21","16:25:06","0.982633","3935","0",\N
"145151","2021-10-25","12:00:35","0.99019","3551","0",\N
"104562","2021-10-07","09:15:21","0.908805","159","0",\N
"61548","2021-09-21","09:55:54","0.998114","664","0",\N
"123015","2021-10-15","13:25:44","0.936106","155","0",\N
"76504","2021-09-22","10:14:58","0.910845","769","0",\N
"65536","2021-09-21","11:19:07","0.974149","1542","0",\N
"17266","2021-08-25","19:05:57","0.904029","29","0",\N
"79174","2021-09-23","08:24:16","0.957968","258","0",\N
"127869","2021-10-18","15:29:06","0.938731","267","0",\N
"124833","2021-10-15","15:04:39","0.951577","670","0",\N
"50773","2021-09-18","17:20:40","0.956157","904","0",\N
"27729","2021-08-29","13:18:27","0.99752","594","0",\N
"85915","2021-10-03","15:30:21","0.963134","688","0",\N
"154716","2021-11-30","12:02:36","0.960034","1376","0",\N
"147964","2021-10-29","09:13:06","0.98887","232","0",\N
"13739","2021-08-24","10:32:06","0.902764","1870","0",\N
"127213","2021-10-15","17:19:01","0.914337","1084","0",\N
"41216","2021-09-01","13:12:42","0.93784","2131","0",\N
"77335","2021-09-22","10:46:54","0.983715","1137","0",\N
"119067","2021-10-14","14:05:04","0.932963","1289","0",\N
"34953","2021-08-30","16:27:32","0.976517","81","0",\N
"118320","2021-10-14","13:52:28","0.98687","1244","0",\N
"73123","2021-09-21","14:50:50","0.916926","3564","0",\N
"151864","2021-11-02","14:35:42","0.903358","1051","0",\N
"113522","2021-10-13","17:17:50","0.944168","436","0",\N
"23433","2021-08-26","10:11:51","0.965267","1638","0",\N
"126349","2021-10-15","16:07:11","0.991162","983","0",\N
"147901","2021-10-29","09:11:55","0.902313","215","0",\N
"45908","2021-09-10","10:49:10","0.940542","643","0",\N
"46141","2021-09-10","11:49:25","0.991143","892","0",\N
"76737","2021-09-22","10:26:00","0.914969","768","0",\N
"141080","2021-10-25","10:01:04","0.935787","1855","0",\N
"126581","2021-10-15","16:11:55","0.91442","983","0",\N
"89759","2021-10-05","10:06:35","0.947101","480","0",\N
"146703","2021-10-25","16:32:26","0.925895","5055","0",\N
"107583","2021-10-11","17:26:24","0.937795","1386","0",\N
"5951","2021-08-24","08:39:12","0.994958","428","0",\N
"154948","2021-11-30","14:50:49","0.923767","2235","0",\N
"117419","2021-10-14","12:58:50","0.910944","939","0",\N
"24241","2021-08-26","10:51:39","0.991121","2042","0",\N
"130310","2021-10-19","17:21:18","0.920425","283","0",\N
"12396","2021-08-24","10:16:25","0.989284","1644","0",\N
"15198","2021-08-24","18:03:00","0.984983","345","0",\N
"16478","2021-08-25","17:53:52","0.938106","214","0",\N
"4058","2021-08-24","08:12:13","0.976473","3","0",\N
"110185","2021-10-13","10:34:31","0.988076","285","0",\N
"44634","2021-09-02","08:33:18","0.985482","404","0",\N
"52362","2021-09-19","14:52:30","0.986438","377","0",\N
"146544","2021-10-25","16:30:59","0.923232","5043","0",\N
"125309","2021-10-15","15:29:27","0.994607","757","0",\N
"27529","2021-08-29","13:12:46","0.949645","529","0",\N
"29355","2021-08-29","14:39:49","0.948628","815","0",\N
"71839","2021-09-21","14:13:32","0.946412","3178","0",\N
"53447","2021-09-19","16:06:21","0.975963","947","0",\N
"148978","2021-10-29","09:53:18","0.925015","634","0",\N
"133342","2021-10-22","15:29:10","0.913032","1089","0",\N
"160000","2021-12-06","13:14:33","0.919573","4633","0",\N
"128431","2021-10-19","07:43:10","0.96609","13","0",\N
"63514","2021-09-21","10:33:44","0.903156","1044","0",\N
"109581","2021-10-13","10:13:26","0.940719","172","0",\N
"137161","2021-10-25","08:26:31","0.944508","290","0",\N
"133711","2021-10-22","17:01:26","0.966906","1376","0",\N
"6357","2021-08-24","08:51:56","0.998537","647","0",\N
"153555","2021-11-14","15:19:15","0.900637","635","0",\N
"107231","2021-10-11","17:12:19","0.972556","1269","0",\N
"135974","2021-10-24","16:50:36","0.961952","885","0",\N
"120486","2021-10-14","15:39:07","0.979444","1635","0",\N
"109044","2021-10-13","09:44:59","0.974903","120","0",\N
"144149","2021-10-25","11:29:24","0.902247","3292","0",\N
"117629","2021-10-14","13:21:02","0.984263","1125","0",\N
"148096","2021-10-29","09:31:17","0.95436","323","0",\N
"90261","2021-10-05","11:33:23","0.953436","666","0",\N
"95459","2021-10-05","17:13:39","0.95739","1893","0",\N
"95047","2021-10-05","16:47:14","0.904213","1730","0",\N
"51336","2021-09-18","18:23:13","0.937036","957","0",\N
"17285","2021-08-25","19:06:19","0.995436","21","0",\N
"28040","2021-08-29","13:26:45","0.997243","626","0",\N
"66824","2021-09-21","11:52:36","0.925722","1717","0",\N
"951","2021-08-23","18:24:26","0.992585","303","0",\N
"55806","2021-09-21","07:55:17","0.926935","4","0",\N
"2415","2021-08-24","07:43:31","0.996217","92","0",\N
"51620","2021-09-19","13:48:05","0.945654","54","0",\N
"149193","2021-10-29","09:56:52","0.918882","723","0",\N
"80756","2021-09-23","09:55:44","0.926226","1015","0",\N
"77238","2021-09-22","10:43:28","0.967887","917","0",\N
"133995","2021-10-23","14:59:05","0.944759","7","0",\N
"104990","2021-10-07","09:37:13","0.97611","270","0",\N
"79131","2021-09-23","08:23:34","0.915825","253","0",\N
"130963","2021-10-22","10:53:08","0.964916","241","0",\N
"77822","2021-09-22","16:56:20","0.993744","91","0",\N
"99257","2021-10-06","11:18:28","0.905118","1252","0",\N
"19087","2021-08-26","08:22:22","0.900082","381","0",\N
"157029","2021-12-05","15:11:38","0.950659","1825","0",\N
"91013","2021-10-05","12:47:52","0.979933","813","0",\N
"50939","2021-09-18","17:23:03","0.9399","904","0",\N
"108119","2021-10-11","17:44:49","0.960999","1506","0",\N
"113063","2021-10-13","17:09:25","0.960248","366","0",\N
"58869","2021-09-21","09:08:31","0.967516","233","0",\N
"123984","2021-10-15","14:18:05","0.998539","451","0",\N
"1352","2021-08-23","18:40:39","0.959146","570","0",\N
"46416","2021-09-10","13:20:38","0.919298","983","0",\N
"158103","2021-12-06","08:42:17","0.916879","492","0",\N
"124704","2021-10-15","15:02:20","0.975408","666","0",\N
"38900","2021-09-01","10:42:27","0.996741","1036","0",\N
"89238","2021-10-05","09:21:12","0.963176","309","0",\N
"25699","2021-08-28","18:47:54","0.98292","5","0",\N
"154946","2021-11-30","14:48:13","0.92318","2219","0",\N
"9404","2021-08-24","09:25:37","0.952992","1174","0",\N
"109843","2021-10-13","10:26:34","0.971418","172","0",\N
"125908","2021-10-15","15:52:38","0.954356","922","0",\N
"29057","2021-08-29","14:36:25","0.958498","807","0",\N
"69549","2021-09-21","13:07:42","0.986837","2580","0",\N
"23614","2021-08-26","10:21:16","0.973367","1688","0",\N
"134538","2021-10-23","15:45:19","0.974445","408","0",\N
"155590","2021-12-03","15:21:01","0.964296","1718","0",\N
"26567","2021-08-29","12:19:00","0.980813","209","0",\N
"131016","2021-10-22","11:00:08","0.986378","258","0",\N
"26305","2021-08-29","12:08:56","0.931216","128","0",\N
"32567","2021-08-30","07:37:33","0.996749","70","0",\N
"6520","2021-08-24","08:53:42","0.997102","642","0",\N
"45332","2021-09-10","09:37:27","0.914463","281","0",\N
"23114","2021-08-26","10:04:29","0.912342","1563","0",\N
"107782","2021-10-11","17:36:52","0.961935","1473","0",\N
"106221","2021-10-11","16:02:36","0.974801","554","0",\N
"101861","2021-10-06","14:44:48","0.955645","2137","0",\N
"13693","2021-08-24","10:31:13","0.905129","1896","0",\N
"135642","2021-10-24","16:27:35","0.920853","707","0",\N
"132251","2021-10-22","12:35:21","0.920699","644","0",\N
"24430","2021-08-26","12:23:44","0.906922","3056","0",\N
"155218","2021-12-03","12:16:02","0.982968","1327","0",\N
"146649","2021-10-25","16:32:13","0.954591","5052","0",\N
"132824","2021-10-22","13:29:58","0.941934","820","0",\N
"90559","2021-10-05","12:02:00","0.99334","723","0",\N
"45268","2021-09-10","09:31:33","0.94987","229","0",\N
"72869","2021-09-21","14:45:51","0.918804","3526","0",\N
"149724","2021-10-29","10:07:54","0.980491","990","0",\N
"32969","2021-08-30","07:46:48","0.97734","126","0",\N
"64806","2021-09-21","11:01:22","0.934454","1341","0",\N
"113856","2021-10-14","08:26:02","0.983736","54","0",\N
"39704","2021-09-01","11:18:36","0.932119","1341","0",\N
"34249","2021-08-30","08:50:11","0.979282","639","0",\N
"135718","2021-10-24","16:28:32","0.954764","707","0",\N
"150763","2021-11-02","09:17:49","0.909435","23","0",\N
"44370","2021-09-02","08:28:24","0.919023","308","0",\N
"31022","2021-08-29","16:47:23","0.993895","1383","0",\N
"36941","2021-09-01","09:19:29","0.955337","201","0",\N
"5209","2021-08-24","08:30:23","0.955498","338","0",\N
"125010","2021-10-15","15:23:13","0.902189","739","0",\N
"18428","2021-08-26","08:11:45","0.983788","285","0",\N
"61407","2021-09-21","09:53:48","0.979666","550","0",\N
"157389","2021-12-05","15:52:36","0.956707","2508","0",\N
"125796","2021-10-15","15:50:43","0.970242","922","0",\N
"17746","2021-08-26","07:57:05","0.972876","107","0",\N
"37637","2021-09-01","10:12:57","0.922699","822","0",\N
"145051","2021-10-25","11:59:28","0.996494","3551","0",\N
"30222","2021-08-29","15:06:25","0.929099","893","0",\N
"88159","2021-10-05","08:06:04","0.984305","67","0",\N
"58309","2021-09-21","08:49:10","0.949839","233","0",\N
"72169","2021-09-21","14:22:47","0.960781","3381","0",\N
"141853","2021-10-25","10:35:40","0.945228","2026","0",\N
"96475","2021-10-06","08:52:44","0.938388","85","0",\N
"158104","2021-12-06","08:42:18","0.906755","492","0",\N
"132145","2021-10-22","12:21:56","0.94179","590","0",\N
"147681","2021-10-29","09:01:59","0.946901","131","0",\N
"58440","2021-09-21","08:56:27","0.908344","233","0",\N
"125771","2021-10-15","15:50:09","0.97081","922","0",\N
"161108","2021-12-07","13:02:42","0.923769","1819","0",\N
"45487","2021-09-10","10:09:28","0.936882","410","0",\N
"28932","2021-08-29","14:18:18","0.916164","793","0",\N
"69678","2021-09-21","13:15:27","0.986617","2638","0",\N
"36461","2021-08-30","17:24:45","0.98477","590","0",\N
"14097","2021-08-24","11:13:02","0.977754","2110","0",\N
"105447","2021-10-11","15:13:27","0.926156","12","0",\N
"64168","2021-09-21","10:46:35","0.955275","1233","0",\N
"139083","2021-10-25","09:12:41","0.918341","782","0",\N
"131019","2021-10-22","11:00:27","0.933747","276","0",\N
"93765","2021-10-05","15:36:49","0.96564","1491","0",\N
"57240","2021-09-21","08:23:50","0.974147","114","0",\N
"16276","2021-08-25","17:33:29","0.908753","30","0",\N
"157703","2021-12-06","08:11:28","0.969445","129","0",\N
"104046","2021-10-06","17:30:30","0.9246","2835","0",\N
"48376","2021-09-11","18:18:58","0.98344","998","0",\N
"147750","2021-10-29","09:03:43","0.991919","139","0",\N
"30953","2021-08-29","16:46:23","0.978158","1379","0",\N
"110638","2021-10-13","11:49:32","0.982148","468","0",\N
"128654","2021-10-19","08:48:04","0.930337","84","0",\N
"89261","2021-10-05","09:22:49","0.995319","339","0",\N
"54104","2021-09-19","17:01:05","0.949646","1248","0",\N
"51493","2021-09-19","13:44:51","0.959581","54","0",\N
"130783","2021-10-22","09:52:14","0.996098","95","0",\N
"83614","2021-09-30","14:41:16","0.939074","286","0",\N
"64068","2021-09-21","10:44:32","0.996159","1204","0",\N
"89384","2021-10-05","09:25:31","0.983924","353","0",\N
"29741","2021-08-29","14:56:23","0.988626","855","0",\N
"836","2021-08-23","18:21:49","0.953159","266","0",\N
"103953","2021-10-06","17:14:02","0.986607","2800","0",\N
"34918","2021-08-30","16:27:10","0.958635","81","0",\N
"37670","2021-09-01","10:13:31","0.970938","864","0",\N
"144401","2021-10-25","11:33:47","0.98262","3293","0",\N
"157411","2021-12-05","15:53:46","0.904846","2549","0",\N
"85416","2021-10-03","14:28:57","0.959531","192","0",\N
"33054","2021-08-30","07:47:50","0.919747","146","0",\N
"87537","2021-10-04","17:25:02","0.971082","671","0",\N
"66954","2021-09-21","11:56:20","0.994111","1815","0",\N
"102024","2021-10-06","14:46:43","0.976603","2128","0",\N
"5248","2021-08-24","08:30:40","0.979859","339","0",\N
"141436","2021-10-25","10:31:34","0.983742","2016","0",\N
"88892","2021-10-05","08:38:02","0.916453","234","0",\N
"62547","2021-09-21","10:16:25","0.930296","877","0",\N
"113131","2021-10-13","17:10:06","0.924775","389","0",\N
"14524","2021-08-24","11:25:01","0.930299","2234","0",\N
"50173","2021-09-18","16:30:06","0.990959","650","0",\N
"32358","2021-08-30","07:35:12","0.928857","69","0",\N
"146179","2021-10-25","15:30:53","0.989497","4511","0",\N
"33238","2021-08-30","08:21:09","0.994231","294","0",\N
"9899","2021-08-24","09:30:17","0.913922","1181","0",\N
"156346","2021-12-05","14:11:19","0.911769","479","0",\N
"77300","2021-09-22","10:45:53","0.941699","1142","0",\N
"70625","2021-09-21","13:48:48","0.991282","2879","0",\N
"124257","2021-10-15","14:37:20","0.982768","515","0",\N
"154527","2021-11-30","11:53:42","0.948832","1116","0",\N
"116311","2021-10-14","12:13:04","0.904324","716","0",\N
"37606","2021-09-01","10:10:17","0.950591","823","0",\N
"133043","2021-10-22","14:12:39","0.979934","931","0",\N
"66603","2021-09-21","11:49:03","0.929961","1704","0",\N
"113279","2021-10-13","17:12:04","0.905691","405","0",\N
"42660","2021-09-01","14:05:41","0.929362","2586","0",\N
"73252","2021-09-21","14:56:05","0.979246","3620","0",\N
"30242","2021-08-29","15:06:46","0.941117","899","0",\N
"144060","2021-10-25","11:21:58","0.914491","3138","0",\N
"108763","2021-10-13","09:36:16","0.987381","105","0",\N
"67573","2021-09-21","12:13:45","0.966793","2080","0",\N
"84390","2021-09-30","17:59:41","0.96015","491","0",\N
"102367","2021-10-06","15:48:32","0.985595","2244","0",\N
"6841","2021-08-24","08:56:31","0.995895","658","0",\N
"39","2021-08-23","18:02:38","0.990662","7","0",\N
"136494","2021-10-25","08:06:46","0.971472","53","0",\N
"125429","2021-10-15","15:31:42","0.957093","738","0",\N
"27690","2021-08-29","13:17:20","0.922981","589","0",\N
"90048","2021-10-05","11:00:17","0.941672","604","0",\N
"137734","2021-10-25","08:53:12","0.990412","449","0",\N
"44298","2021-09-02","08:27:25","0.933513","293","0",\N
"133229","2021-10-22","14:50:49","0.924889","1022","0",\N
"154856","2021-11-30","12:26:21","0.966687","1588","0",\N
"57143","2021-09-21","08:22:56","0.982549","115","0",\N
"88187","2021-10-05","08:06:29","0.997617","73","0",\N
"135122","2021-10-23","17:14:43","0.965674","879","0",\N
"30968","2021-08-29","16:46:33","0.984574","1383","0",\N
"40517","2021-09-01","12:21:55","0.994962","1710","0",\N
"63952","2021-09-21","10:41:47","0.912826","1093","0",\N
"132385","2021-10-22","12:55:43","0.962848","715","0",\N
"55059","2021-09-19","18:01:30","0.964862","1642","0",\N
"11294","2021-08-24","09:58:05","0.998638","1408","0",\N
"118071","2021-10-14","13:28:54","0.982768","1178","0",\N
"59545","2021-09-21","09:21:33","0.91631","326","0",\N
"23097","2021-08-26","10:04:03","0.968088","1563","0",\N
"84327","2021-09-30","17:38:57","0.990819","480","0",\N
"36115","2021-08-30","17:20:30","0.94134","590","0",\N
"33311","2021-08-30","08:21:59","0.970959","294","0",\N
"53527","2021-09-19","16:09:35","0.932279","967","0",\N
"153846","2021-11-14","15:42:18","0.940548","849","0",\N
"51241","2021-09-18","18:20:24","0.980958","957","0",\N
"118117","2021-10-14","13:29:55","0.956828","1178","0",\N
"46649","2021-09-10","14:49:44","0.982448","1094","0",\N
"22234","2021-08-26","09:49:05","0.958246","1320","0",\N
"33316","2021-08-30","08:22:04","0.980255","294","0",\N
"19149","2021-08-26","08:23:41","0.98502","381","0",\N
"6762","2021-08-24","08:55:50","0.922718","650","0",\N
"82965","2021-09-30","08:04:57","0.972622","127","0",\N
"911","2021-08-23","18:23:47","0.923537","273","0",\N
"63291","2021-09-21","10:30:11","0.99446","1014","0",\N
"27807","2021-08-29","13:24:13","0.973443","625","0",\N
"141184","2021-10-25","10:03:55","0.964071","1859","0",\N
"40573","2021-09-01","12:23:16","0.922554","1718","0",\N
"117407","2021-10-14","12:57:37","0.958244","926","0",\N
"9094","2021-08-24","09:20:25","0.934632","1054","0",\N
"30564","2021-08-29","16:21:54","0.938429","1184","0",\N
"72509","2021-09-21","14:35:37","0.94711","3467","0",\N
"72870","2021-09-21","14:45:52","0.940354","3526","0",\N
"146133","2021-10-25","15:30:22","0.992247","4527","0",\N
"141954","2021-10-25","10:37:34","0.960488","2097","0",\N
"38494","2021-09-01","10:39:06","0.984841","1036","0",\N
"104746","2021-10-07","09:33:45","0.905433","262","0",\N
"7856","2021-08-24","09:08:29","0.965068","872","0",\N
"124622","2021-10-15","15:00:34","0.99354","634","0",\N
"109833","2021-10-13","10:26:28","0.993136","172","0",\N
"26466","2021-08-29","12:16:49","0.978191","190","0",\N
"24501","2021-08-26","13:02:34","0.945566","3524","0",\N
"135137","2021-10-23","17:25:38","0.919784","1053","0",\N
"27565","2021-08-29","13:13:12","0.948515","533","0",\N
"65696","2021-09-21","11:22:14","0.921384","1578","0",\N
"69801","2021-09-21","13:17:56","0.942673","2635","0",\N
"66896","2021-09-21","11:55:36","0.996646","1818","0",\N
"106872","2021-10-11","17:01:58","0.930721","1163","0",\N
"105656","2021-10-11","15:29:15","0.969181","141","0",\N
"113200","2021-10-13","17:10:51","0.974671","364","0",\N
"137568","2021-10-25","08:51:43","0.977965","409","0",\N
"128902","2021-10-19","11:46:01","0.966457","592","0",\N
"131962","2021-10-22","12:14:52","0.985522","539","0",\N
"13384","2021-08-24","10:27:22","0.960619","1667","0",\N
"15865","2021-08-24","18:34:55","0.987235","669","0",\N
"101026","2021-10-06","12:57:16","0.92287","1797","0",\N
"78907","2021-09-23","08:18:59","0.962735","223","0",\N
"11225","2021-08-24","09:56:59","0.921346","1408","0",\N
"134295","2021-10-23","15:32:04","0.94784","264","0",\N
"25632","2021-08-28","18:47:07","0.956441","5","0",\N
"154427","2021-11-30","11:44:13","0.981733","850","0",\N
"86887","2021-10-04","16:13:20","0.94295","77","0",\N
"149951","2021-10-29","10:12:08","0.967126","1063","0",\N
"157859","2021-12-06","08:34:34","0.952001","329","0",\N
"73936","2021-09-21","15:40:59","0.98597","3857","0",\N
"41712","2021-09-01","13:33:38","0.981798","2351","0",\N
"84210","2021-09-30","17:30:05","0.941277","464","0",\N
"27110","2021-08-29","13:07:48","0.998249","522","0",\N
"4373","2021-08-24","08:17:26","0.970532","127","0",\N
"90457","2021-10-05","11:39:58","0.928764","701","0",\N
"116892","2021-10-14","12:23:36","0.940806","793","0",\N
"110168","2021-10-13","10:33:46","0.985847","253","0",\N
"134651","2021-10-23","15:59:37","0.943321","458","0",\N
"64659","2021-09-21","10:58:52","0.945607","1361","0",\N
"33974","2021-08-30","08:41:56","0.968856","529","0",\N
"70654","2021-09-21","13:49:13","0.992658","2879","0",\N
"79095","2021-09-23","08:22:30","0.915898","223","0",\N
"8362","2021-08-24","09:13:42","0.970433","975","0",\N
"151488","2021-11-02","13:40:02","0.900463","756","0",\N
"103816","2021-10-06","17:07:32","0.986928","2715","0",\N
"100012","2021-10-06","11:45:33","0.913655","1412","0",\N
"116261","2021-10-14","12:12:20","0.989701","683","0",\N
"129167","2021-10-19","16:32:52","0.959193","58","0",\N
"81575","2021-09-25","15:28:07","0.927256","63","0",\N
"124817","2021-10-15","15:04:24","0.959841","668","0",\N
"91539","2021-10-05","13:45:13","0.999157","1003","0",\N
"160405","2021-12-07","08:47:44","0.962877","683","0",\N
"10168","2021-08-24","09:33:13","0.98766","1181","0",\N
"87356","2021-10-04","17:14:04","0.914957","617","0",\N
"144689","2021-10-25","11:37:23","0.955279","3380","0",\N
"60723","2021-09-21","09:38:08","0.997831","453","0",\N
"55946","2021-09-21","07:57:05","0.918695","32","0",\N
"82789","2021-09-30","07:58:37","0.902676","96","0",\N
"89945","2021-10-05","10:12:50","0.948537","502","0",\N
"18292","2021-08-26","08:10:34","0.906185","285","0",\N
"23923","2021-08-26","10:30:50","0.946127","1889","0",\N
"36738","2021-09-01","09:12:04","0.985092","105","0",\N
"149404","2021-10-29","09:59:29","0.971861","739","0",\N
"139133","2021-10-25","09:13:15","0.958233","874","0",\N
"14642","2021-08-24","17:49:44","0.986125","198","0",\N
"9750","2021-08-24","09:29:21","0.983542","1202","0",\N
"6576","2021-08-24","08:54:07","0.919859","653","0",\N
"122609","2021-10-14","17:34:31","0.956371","2134","0",\N
"72236","2021-09-21","14:24:23","0.901554","3389","0",\N
"127862","2021-10-18","15:28:59","0.9836","267","0",\N
"10870","2021-08-24","09:51:49","0.986179","1369","0",\N
"72098","2021-09-21","14:20:23","0.940766","3335","0",\N
"41014","2021-09-01","12:39:35","0.900903","1895","0",\N
"61843","2021-09-21","10:03:52","0.991929","732","0",\N
"41730","2021-09-01","13:33:57","0.931225","2329","0",\N
"73602","2021-09-21","15:10:09","0.940122","3762","0",\N
"49336","2021-09-18","15:18:55","0.905812","239","0",\N
"40679","2021-09-01","12:25:29","0.9644","1837","0",\N
"19552","2021-08-26","08:35:16","0.930115","550","0",\N
"111503","2021-10-13","12:29:12","0.977328","608","0",\N
"122194","2021-10-14","17:26:45","0.977773","2000","0",\N
"5498","2021-08-24","08:32:26","0.979079","292","0",\N
"35603","2021-08-30","16:36:44","0.976719","217","0",\N
"151550","2021-11-02","14:06:02","0.98707","798","0",\N
"140837","2021-10-25","09:42:26","0.934075","1720","0",\N
"106944","2021-10-11","17:03:43","0.966798","1163","0",\N
"87720","2021-10-04","18:12:11","0.986103","847","0",\N
"92601","2021-10-05","14:33:43","0.994524","1158","0",\N
"64147","2021-09-21","10:46:10","0.987074","1235","0",\N
"103240","2021-10-06","16:11:41","0.957322","2479","0",\N
"84471","2021-10-01","17:18:00","0.969655","7","0",\N
"156681","2021-12-05","14:32:29","0.902867","947","0",\N
"128020","2021-10-18","17:19:46","0.926313","135","0",\N
"160664","2021-12-07","11:33:34","0.924167","1123","0",\N
"158471","2021-12-06","09:52:20","0.961927","1454","0",\N
"144519","2021-10-25","11:35:02","0.940713","3293","0",\N
"11446","2021-08-24","09:59:44","0.994849","1442","0",\N
"148906","2021-10-29","09:47:39","0.944591","568","0",\N
"138238","2021-10-25","09:00:24","0.963701","611","0",\N
"137058","2021-10-25","08:24:47","0.970201","242","0",\N
"123487","2021-10-15","13:57:59","0.948048","322","0",\N
"139127","2021-10-25","09:13:12","0.95843","782","0",\N
"50981","2021-09-18","17:23:28","0.989488","904","0",\N
"30246","2021-08-29","15:06:50","0.990818","895","0",\N
"107150","2021-10-11","17:10:11","0.971672","1264","0",\N
"67013","2021-09-21","11:58:03","0.987841","1895","0",\N
"140790","2021-10-25","09:41:44","0.953917","1720","0",\N
"150076","2021-10-29","10:14:21","0.928276","1115","0",\N
"14951","2021-08-24","17:59:47","0.952223","299","0",\N
"54540","2021-09-19","17:24:18","0.992256","1435","0",\N
"78556","2021-09-22","17:50:37","0.940544","398","0",\N
"73106","2021-09-21","14:50:12","0.928883","3541","0",\N
"32959","2021-08-30","07:46:43","0.904167","129","0",\N
"98288","2021-10-06","10:27:30","0.907186","797","0",\N
"147971","2021-10-29","09:13:09","0.95008","230","0",\N
"35053","2021-08-30","16:28:59","0.974948","116","0",\N
"91568","2021-10-05","13:46:00","0.994049","1003","0",\N
"157373","2021-12-05","15:52:12","0.985475","2508","0",\N
"43671","2021-09-02","08:03:40","0.902866","23","0",\N
"135807","2021-10-24","16:29:38","0.909769","707","0",\N
"147788","2021-10-29","09:04:06","0.986052","139","0",\N
"98418","2021-10-06","10:29:09","0.962853","804","0",\N
"65045","2021-09-21","11:04:49","0.944584","1341","0",\N
"126763","2021-10-15","16:19:18","0.939011","1025","0",\N
"135219","2021-10-23","17:28:18","0.986288","1053","0",\N
"117544","2021-10-14","13:04:37","0.974602","943","0",\N
"151225","2021-11-02","11:52:27","0.926433","212","0",\N
"92257","2021-10-05","14:07:55","0.930552","1052","0",\N
"137092","2021-10-25","08:25:24","0.924602","242","0",\N
"112648","2021-10-13","16:58:30","0.900533","249","0",\N
"46297","2021-09-10","12:25:13","0.959784","938","0",\N
"52105","2021-09-19","14:37:19","0.985244","253","0",\N
"46200","2021-09-10","11:51:18","0.948405","892","0",\N
"7697","2021-08-24","09:07:00","0.984885","852","0",\N
"140880","2021-10-25","09:42:55","0.966208","1720","0",\N
"35235","2021-08-30","16:32:24","0.971903","199","0",\N
"22008","2021-08-26","09:21:13","0.964821","1099","0",\N
"48202","2021-09-11","18:06:09","0.916594","941","0",\N
"7314","2021-08-24","09:03:37","0.905551","781","0",\N
