"1","2021-08-23","17:59:17","0.99169","7","0",\N
"2","2021-08-23","17:59:25","0.968556","7","0",\N
"3","2021-08-23","17:59:25","0.967904","8","0",\N
"4","2021-08-23","17:59:25","0.976944","12","0",\N
"5","2021-08-23","17:59:26","0.998061","8","0",\N
"6","2021-08-23","17:59:26","0.974861","12","0",\N
"7","2021-08-23","17:59:29","0.98854","8","0",\N
"8","2021-08-23","17:59:29","0.995489","8","0",\N
"9","2021-08-23","17:59:29","0.938639","12","0",\N
"10","2021-08-23","17:59:31","0.984728","16","0",\N
"11","2021-08-23","17:59:34","0.983042","16","0",\N
"12","2021-08-23","17:59:34","0.994959","19","0",\N
"13","2021-08-23","17:59:35","0.991775","19","0",\N
"14","2021-08-23","18:02:01","0.971263","5","0",\N
"15","2021-08-23","18:02:09","0.904581","5","0",\N
"16","2021-08-23","18:02:10","0.955785","5","0",\N
"17","2021-08-23","18:02:10","0.964225","5","0",\N
"18","2021-08-23","18:02:10","0.926014","5","0",\N
"19","2021-08-23","18:02:11","0.97725","5","0",\N
"20","2021-08-23","18:02:11","0.991701","5","0",\N
"21","2021-08-23","18:02:12","0.986447","5","0",\N
"22","2021-08-23","18:02:12","0.926395","5","0",\N
"23","2021-08-23","18:02:13","0.993889","5","0",\N
"24","2021-08-23","18:02:14","0.993084","5","0",\N
"25","2021-08-23","18:02:15","0.961998","5","0",\N
"26","2021-08-23","18:02:17","0.988435","5","0",\N
"27","2021-08-23","18:02:18","0.94206","7","0",\N
"28","2021-08-23","18:02:19","0.962242","15","0",\N
"29","2021-08-23","18:02:20","0.991971","15","0",\N
"30","2021-08-23","18:02:21","0.929679","15","0",\N
"31","2021-08-23","18:02:22","0.931594","15","0",\N
"32","2021-08-23","18:02:23","0.948208","5","0",\N
"33","2021-08-23","18:02:23","0.971996","5","0",\N
"34","2021-08-23","18:02:29","0.971659","22","0",\N
"35","2021-08-23","18:02:30","0.930295","22","0",\N
"36","2021-08-23","18:02:31","0.95334","22","0",\N
"37","2021-08-23","18:02:32","0.908262","22","0",\N
"38","2021-08-23","18:02:36","0.993265","7","0",\N
"39","2021-08-23","18:02:38","0.990662","7","0",\N
"40","2021-08-23","18:02:38","0.944115","7","0",\N
"41","2021-08-23","18:02:40","0.952169","7","0",\N
"42","2021-08-23","18:02:41","0.933449","7","0",\N
"43","2021-08-23","18:02:41","0.914137","24","0",\N
"44","2021-08-23","18:02:42","0.932199","9","0",\N
"45","2021-08-23","18:02:42","0.931958","24","0",\N
"46","2021-08-23","18:02:42","0.947096","9","0",\N
"47","2021-08-23","18:02:47","0.994942","29","0",\N
"48","2021-08-23","18:02:47","0.959367","7","0",\N
"49","2021-08-23","18:02:48","0.979421","7","0",\N
"50","2021-08-23","18:02:49","0.943981","7","0",\N
"51","2021-08-23","18:02:50","0.924219","7","0",\N
"52","2021-08-23","18:02:50","0.990908","24","0",\N
"53","2021-08-23","18:02:51","0.992705","24","0",\N
"54","2021-08-23","18:02:53","0.994755","24","0",\N
"55","2021-08-23","18:02:53","0.979322","27","0",\N
"56","2021-08-23","18:02:54","0.996775","27","0",\N
"57","2021-08-23","18:02:54","0.990014","29","0",\N
"58","2021-08-23","18:02:54","0.998042","29","0",\N
"59","2021-08-23","18:02:54","0.963399","34","0",\N
"60","2021-08-23","18:02:55","0.993902","29","0",\N
"61","2021-08-23","18:02:55","0.991652","29","0",\N
"62","2021-08-23","18:02:56","0.989507","29","0",\N
"63","2021-08-23","18:02:56","0.973334","34","0",\N
"64","2021-08-23","18:02:56","0.944414","29","0",\N
"65","2021-08-23","18:02:58","0.99061","34","0",\N
"66","2021-08-23","18:02:58","0.947814","35","0",\N
"67","2021-08-23","18:02:59","0.986802","24","0",\N
"68","2021-08-23","18:02:59","0.956195","34","0",\N
"69","2021-08-23","18:03:00","0.996868","24","0",\N
"70","2021-08-23","18:03:01","0.985162","24","0",\N
"71","2021-08-23","18:03:01","0.974025","37","0",\N
"72","2021-08-23","18:03:02","0.995715","24","0",\N
"73","2021-08-23","18:03:02","0.962644","37","0",\N
"74","2021-08-23","18:03:05","0.994137","22","0",\N
"75","2021-08-23","18:03:05","0.924114","39","0",\N
"76","2021-08-23","18:03:07","0.994223","39","0",\N
"77","2021-08-23","18:03:08","0.995307","39","0",\N
"78","2021-08-23","18:03:08","0.943961","42","0",\N
"79","2021-08-23","18:03:09","0.926725","39","0",\N
"80","2021-08-23","18:03:10","0.994073","35","0",\N
"81","2021-08-23","18:03:11","0.974166","35","0",\N
"82","2021-08-23","18:03:12","0.975792","35","0",\N
"83","2021-08-23","18:03:13","0.993157","35","0",\N
"84","2021-08-23","18:03:13","0.937834","29","0",\N
"85","2021-08-23","18:03:17","0.939176","39","0",\N
"86","2021-08-23","18:03:19","0.92589","9","0",\N
"87","2021-08-23","18:03:20","0.947206","9","0",\N
"88","2021-08-23","18:03:26","0.902615","47","0",\N
"89","2021-08-23","18:03:27","0.915793","39","0",\N
"90","2021-08-23","18:03:28","0.944702","39","0",\N
"91","2021-08-23","18:03:32","0.926409","9","0",\N
"92","2021-08-23","18:03:34","0.993422","37","0",\N
"93","2021-08-23","18:03:34","0.929011","39","0",\N
"94","2021-08-23","18:03:36","0.919266","37","0",\N
"95","2021-08-23","18:03:37","0.98019","37","0",\N
"96","2021-08-23","18:03:39","0.922625","37","0",\N
"97","2021-08-23","18:03:39","0.973657","37","0",\N
"98","2021-08-23","18:03:40","0.985912","37","0",\N
"99","2021-08-23","18:03:41","0.910396","37","0",\N
"100","2021-08-23","18:03:43","0.999095","29","0",\N
"101","2021-08-23","18:03:43","0.978205","35","0",\N
"102","2021-08-23","18:03:47","0.902294","37","0",\N
"103","2021-08-23","18:03:48","0.965837","52","0",\N
"104","2021-08-23","18:03:49","0.933118","52","0",\N
"105","2021-08-23","18:03:50","0.907275","54","0",\N
"106","2021-08-23","18:03:50","0.921896","52","0",\N
"107","2021-08-23","18:03:53","0.942931","56","0",\N
"108","2021-08-23","18:03:56","0.903103","39","0",\N
"109","2021-08-23","18:04:06","0.990313","43","0",\N
"110","2021-08-23","18:04:07","0.973808","54","0",\N
"111","2021-08-23","18:04:08","0.922038","54","0",\N
"112","2021-08-23","18:04:09","0.986925","39","0",\N
"113","2021-08-23","18:04:10","0.97907","39","0",\N
"114","2021-08-23","18:04:10","0.944697","43","0",\N
"115","2021-08-23","18:04:11","0.986821","39","0",\N
"116","2021-08-23","18:04:11","0.996057","24","0",\N
"117","2021-08-23","18:04:12","0.996642","24","0",\N
"118","2021-08-23","18:04:12","0.91268","46","0",\N
"119","2021-08-23","18:04:13","0.941827","24","0",\N
"120","2021-08-23","18:04:14","0.983272","39","0",\N
"121","2021-08-23","18:04:14","0.928952","39","0",\N
"122","2021-08-23","18:04:15","0.945412","39","0",\N
"123","2021-08-23","18:04:17","0.968238","39","0",\N
"124","2021-08-23","18:04:17","0.974532","39","0",\N
"125","2021-08-23","18:04:22","0.991127","39","0",\N
"126","2021-08-23","18:04:22","0.976032","39","0",\N
"127","2021-08-23","18:04:23","0.934774","39","0",\N
"128","2021-08-23","18:04:24","0.900534","39","0",\N
"129","2021-08-23","18:04:25","0.958881","39","0",\N
"130","2021-08-23","18:04:25","0.952679","39","0",\N
"131","2021-08-23","18:04:30","0.955651","43","0",\N
"132","2021-08-23","18:04:31","0.907178","39","0",\N
"133","2021-08-23","18:04:32","0.993459","39","0",\N
"134","2021-08-23","18:04:33","0.994891","39","0",\N
"135","2021-08-23","18:04:34","0.998497","39","0",\N
"136","2021-08-23","18:04:34","0.925467","43","0",\N
"137","2021-08-23","18:04:37","0.960335","64","0",\N
"138","2021-08-23","18:04:38","0.975358","24","0",\N
"139","2021-08-23","18:04:38","0.93062","24","0",\N
"140","2021-08-23","18:04:38","0.903314","46","0",\N
"141","2021-08-23","18:04:39","0.955199","24","0",\N
"142","2021-08-23","18:04:40","0.972823","29","0",\N
"143","2021-08-23","18:04:40","0.996373","24","0",\N
"144","2021-08-23","18:04:41","0.984628","24","0",\N
"145","2021-08-23","18:04:41","0.951609","24","0",\N
"146","2021-08-23","18:04:42","0.989289","24","0",\N
"147","2021-08-23","18:04:43","0.980926","24","0",\N
"148","2021-08-23","18:04:45","0.968766","39","0",\N
"149","2021-08-23","18:04:45","0.974499","39","0",\N
"150","2021-08-23","18:04:47","0.919028","29","0",\N
"151","2021-08-23","18:04:47","0.945898","39","0",\N
"152","2021-08-23","18:04:48","0.982692","39","0",\N
"153","2021-08-23","18:04:49","0.904884","39","0",\N
"154","2021-08-23","18:04:49","0.962471","39","0",\N
"155","2021-08-23","18:04:51","0.988145","24","0",\N
"156","2021-08-23","18:04:53","0.941405","24","0",\N
"157","2021-08-23","18:04:53","0.944768","24","0",\N
"158","2021-08-23","18:04:54","0.95533","24","0",\N
"159","2021-08-23","18:04:55","0.961541","24","0",\N
"160","2021-08-23","18:04:57","0.994569","24","0",\N
"161","2021-08-23","18:04:57","0.938342","24","0",\N
"162","2021-08-23","18:04:57","0.932192","29","0",\N
"163","2021-08-23","18:04:58","0.96146","24","0",\N
"164","2021-08-23","18:04:58","0.940571","24","0",\N
"165","2021-08-23","18:05:00","0.926467","24","0",\N
"166","2021-08-23","18:05:01","0.962931","24","0",\N
"167","2021-08-23","18:05:03","0.988946","24","0",\N
"168","2021-08-23","18:05:04","0.982521","24","0",\N
"169","2021-08-23","18:05:05","0.973058","39","0",\N
"170","2021-08-23","18:05:05","0.940946","39","0",\N
"171","2021-08-23","18:05:06","0.959886","39","0",\N
"172","2021-08-23","18:05:07","0.948828","39","0",\N
"173","2021-08-23","18:05:10","0.942822","39","0",\N
"174","2021-08-23","18:05:11","0.956745","39","0",\N
"175","2021-08-23","18:05:11","0.945706","56","0",\N
"176","2021-08-23","18:05:13","0.969515","39","0",\N
"177","2021-08-23","18:05:16","0.980229","24","0",\N
"178","2021-08-23","18:05:16","0.90415","39","0",\N
"179","2021-08-23","18:05:17","0.922886","54","0",\N
"180","2021-08-23","18:05:21","0.924207","43","0",\N
"181","2021-08-23","18:05:22","0.957511","46","0",\N
"182","2021-08-23","18:05:23","0.967241","46","0",\N
"183","2021-08-23","18:05:31","0.978107","39","0",\N
"184","2021-08-23","18:05:32","0.973646","39","0",\N
"185","2021-08-23","18:05:33","0.922789","68","0",\N
"186","2021-08-23","18:05:37","0.922827","43","0",\N
"187","2021-08-23","18:05:40","0.968746","39","0",\N
"188","2021-08-23","18:05:42","0.947784","39","0",\N
"189","2021-08-23","18:05:45","0.912444","54","0",\N
"190","2021-08-23","18:05:48","0.972425","29","0",\N
"191","2021-08-23","18:06:01","0.901957","46","0",\N
"192","2021-08-23","18:06:06","0.962846","24","0",\N
"193","2021-08-23","18:06:09","0.951609","46","0",\N
"194","2021-08-23","18:06:10","0.934565","46","0",\N
"195","2021-08-23","18:06:12","0.952258","39","0",\N
"196","2021-08-23","18:06:13","0.941183","39","0",\N
"197","2021-08-23","18:06:14","0.930439","24","0",\N
"198","2021-08-23","18:06:16","0.901107","24","0",\N
"199","2021-08-23","18:06:31","0.924584","56","0",\N
"200","2021-08-23","18:06:38","0.967393","56","0",\N
"201","2021-08-23","18:06:39","0.956163","56","0",\N
"202","2021-08-23","18:06:39","0.939216","46","0",\N
"203","2021-08-23","18:06:46","0.956911","39","0",\N
"204","2021-08-23","18:06:47","0.910479","56","0",\N
"205","2021-08-23","18:06:48","0.921382","56","0",\N
"206","2021-08-23","18:06:49","0.953775","24","0",\N
"207","2021-08-23","18:06:55","0.980214","46","0",\N
"208","2021-08-23","18:06:59","0.922014","89","0",\N
"209","2021-08-23","18:07:04","0.957253","24","0",\N
"210","2021-08-23","18:07:07","0.949753","24","0",\N
"211","2021-08-23","18:07:07","0.948509","56","0",\N
"212","2021-08-23","18:07:11","0.908116","39","0",\N
"213","2021-08-23","18:07:21","0.920427","24","0",\N
"214","2021-08-23","18:07:22","0.943674","24","0",\N
"215","2021-08-23","18:07:26","0.921587","79","0",\N
"216","2021-08-23","18:07:53","0.978605","43","0",\N
"217","2021-08-23","18:07:54","0.993925","56","0",\N
"218","2021-08-23","18:07:56","0.989687","56","0",\N
"219","2021-08-23","18:07:57","0.971114","79","0",\N
"220","2021-08-23","18:07:58","0.922459","39","0",\N
"221","2021-08-23","18:07:59","0.959402","24","0",\N
"222","2021-08-23","18:08:00","0.97546","24","0",\N
"223","2021-08-23","18:08:00","0.997855","43","0",\N
"224","2021-08-23","18:08:00","0.956717","56","0",\N
"225","2021-08-23","18:08:01","0.99787","43","0",\N
"226","2021-08-23","18:08:01","0.980674","46","0",\N
"227","2021-08-23","18:08:01","0.960855","46","0",\N
"228","2021-08-23","18:08:04","0.948653","24","0",\N
"229","2021-08-23","18:08:05","0.925912","39","0",\N
"230","2021-08-23","18:08:09","0.947188","79","0",\N
"231","2021-08-23","18:08:10","0.94016","39","0",\N
"232","2021-08-23","18:08:14","0.902612","24","0",\N
"233","2021-08-23","18:08:14","0.932892","24","0",\N
"234","2021-08-23","18:08:19","0.979603","24","0",\N
"235","2021-08-23","18:08:20","0.979883","43","0",\N
"236","2021-08-23","18:08:20","0.976381","46","0",\N
"237","2021-08-23","18:08:20","0.93909","43","0",\N
"238","2021-08-23","18:08:21","0.908196","39","0",\N
"239","2021-08-23","18:08:26","0.986143","39","0",\N
"240","2021-08-23","18:08:27","0.994295","39","0",\N
"241","2021-08-23","18:08:27","0.949957","39","0",\N
"242","2021-08-23","18:08:28","0.99599","79","0",\N
"243","2021-08-23","18:08:28","0.980647","96","0",\N
"244","2021-08-23","18:08:29","0.995818","96","0",\N
"245","2021-08-23","18:08:31","0.934519","79","0",\N
"246","2021-08-23","18:08:31","0.910563","79","0",\N
"247","2021-08-23","18:08:32","0.959372","46","0",\N
"248","2021-08-23","18:08:36","0.98153","46","0",\N
"249","2021-08-23","18:08:36","0.98775","79","0",\N
"250","2021-08-23","18:08:39","0.990883","24","0",\N
"251","2021-08-23","18:08:41","0.937252","24","0",\N
"252","2021-08-23","18:08:41","0.989767","46","0",\N
"253","2021-08-23","18:08:43","0.970629","46","0",\N
"254","2021-08-23","18:08:43","0.963362","79","0",\N
"255","2021-08-23","18:08:44","0.988348","24","0",\N
"256","2021-08-23","18:08:44","0.947708","79","0",\N
"257","2021-08-23","18:08:45","0.984184","24","0",\N
"258","2021-08-23","18:08:45","0.971457","79","0",\N
"259","2021-08-23","18:08:45","0.977855","24","0",\N
"260","2021-08-23","18:08:45","0.900375","79","0",\N
"261","2021-08-23","18:08:47","0.9141","89","0",\N
"262","2021-08-23","18:08:47","0.907467","24","0",\N
"263","2021-08-23","18:08:48","0.991261","24","0",\N
"264","2021-08-23","18:08:48","0.902066","46","0",\N
"265","2021-08-23","18:08:50","0.951539","46","0",\N
"266","2021-08-23","18:08:52","0.985455","39","0",\N
"267","2021-08-23","18:08:54","0.995284","79","0",\N
"268","2021-08-23","18:08:54","0.97466","89","0",\N
"269","2021-08-23","18:09:00","0.985374","91","0",\N
"270","2021-08-23","18:09:01","0.997302","24","0",\N
"271","2021-08-23","18:09:06","0.9726","24","0",\N
"272","2021-08-23","18:09:07","0.941394","89","0",\N
"273","2021-08-23","18:09:08","0.98605","43","0",\N
"274","2021-08-23","18:09:11","0.992688","43","0",\N
"275","2021-08-23","18:09:13","0.985607","117","0",\N
"276","2021-08-23","18:09:14","0.996714","117","0",\N
"277","2021-08-23","18:09:16","0.998748","89","0",\N
"278","2021-08-23","18:09:23","0.976131","46","0",\N
"279","2021-08-23","18:09:24","0.94228","39","0",\N
"280","2021-08-23","18:09:25","0.988915","39","0",\N
"281","2021-08-23","18:09:28","0.930272","89","0",\N
"282","2021-08-23","18:09:29","0.980985","89","0",\N
"283","2021-08-23","18:09:30","0.986169","110","0",\N
"284","2021-08-23","18:09:31","0.973322","43","0",\N
"285","2021-08-23","18:09:31","0.907681","24","0",\N
"286","2021-08-23","18:09:34","0.996173","24","0",\N
"287","2021-08-23","18:09:35","0.911359","117","0",\N
"288","2021-08-23","18:09:36","0.980993","117","0",\N
"289","2021-08-23","18:09:36","0.976476","117","0",\N
"290","2021-08-23","18:09:37","0.95664","117","0",\N
"291","2021-08-23","18:09:40","0.949702","24","0",\N
"292","2021-08-23","18:09:44","0.952545","79","0",\N
"293","2021-08-23","18:09:44","0.954329","79","0",\N
"294","2021-08-23","18:09:50","0.977219","79","0",\N
"295","2021-08-23","18:09:53","0.975388","79","0",\N
"296","2021-08-23","18:09:53","0.986526","79","0",\N
"297","2021-08-23","18:09:54","0.982945","96","0",\N
"298","2021-08-23","18:09:54","0.949679","96","0",\N
"299","2021-08-23","18:09:58","0.997581","39","0",\N
"300","2021-08-23","18:10:01","0.937571","91","0",\N
"301","2021-08-23","18:10:02","0.928758","91","0",\N
"302","2021-08-23","18:10:03","0.92904","91","0",\N
"303","2021-08-23","18:10:04","0.981728","91","0",\N
"304","2021-08-23","18:10:05","0.921253","24","0",\N
"305","2021-08-23","18:10:05","0.914894","112","0",\N
"306","2021-08-23","18:10:08","0.952574","96","0",\N
"307","2021-08-23","18:10:08","0.953189","96","0",\N
"308","2021-08-23","18:10:11","0.930686","91","0",\N
"309","2021-08-23","18:10:12","0.971564","91","0",\N
"310","2021-08-23","18:10:12","0.946316","117","0",\N
"311","2021-08-23","18:10:13","0.964995","91","0",\N
"312","2021-08-23","18:10:13","0.945784","117","0",\N
"313","2021-08-23","18:10:14","0.946114","91","0",\N
"314","2021-08-23","18:10:14","0.906434","117","0",\N
"315","2021-08-23","18:10:14","0.901017","123","0",\N
"316","2021-08-23","18:10:15","0.989542","79","0",\N
"317","2021-08-23","18:10:15","0.946339","91","0",\N
"318","2021-08-23","18:10:15","0.94148","117","0",\N
"319","2021-08-23","18:10:17","0.932763","24","0",\N
"320","2021-08-23","18:10:18","0.948721","24","0",\N
"321","2021-08-23","18:10:19","0.950731","43","0",\N
"322","2021-08-23","18:10:21","0.933223","43","0",\N
"323","2021-08-23","18:10:22","0.961924","24","0",\N
"324","2021-08-23","18:10:23","0.991068","24","0",\N
"325","2021-08-23","18:10:23","0.953931","24","0",\N
"326","2021-08-23","18:10:24","0.963149","79","0",\N
"327","2021-08-23","18:10:24","0.949122","91","0",\N
"328","2021-08-23","18:10:24","0.941898","117","0",\N
"329","2021-08-23","18:10:24","0.940637","121","0",\N
"330","2021-08-23","18:10:25","0.978224","91","0",\N
"331","2021-08-23","18:10:25","0.973778","117","0",\N
"332","2021-08-23","18:10:25","0.940072","121","0",\N
"333","2021-08-23","18:10:26","0.955401","91","0",\N
"334","2021-08-23","18:10:26","0.941986","96","0",\N
"335","2021-08-23","18:10:27","0.960855","96","0",\N
"336","2021-08-23","18:10:27","0.923162","118","0",\N
"337","2021-08-23","18:10:29","0.953097","96","0",\N
"338","2021-08-23","18:10:30","0.95976","91","0",\N
"339","2021-08-23","18:10:31","0.968217","91","0",\N
"340","2021-08-23","18:10:32","0.944735","43","0",\N
"341","2021-08-23","18:10:36","0.971616","24","0",\N
"342","2021-08-23","18:10:39","0.992938","24","0",\N
"343","2021-08-23","18:10:39","0.95356","79","0",\N
"344","2021-08-23","18:10:40","0.973876","79","0",\N
"345","2021-08-23","18:10:41","0.991696","110","0",\N
"346","2021-08-23","18:10:41","0.977763","130","0",\N
"347","2021-08-23","18:10:42","0.965751","110","0",\N
"348","2021-08-23","18:10:44","0.983841","96","0",\N
"349","2021-08-23","18:10:44","0.980705","96","0",\N
"350","2021-08-23","18:10:44","0.967112","117","0",\N
"351","2021-08-23","18:10:48","0.997083","96","0",\N
"352","2021-08-23","18:10:51","0.939754","96","0",\N
"353","2021-08-23","18:10:55","0.998978","43","0",\N
"354","2021-08-23","18:10:55","0.952897","110","0",\N
"355","2021-08-23","18:10:55","0.996577","117","0",\N
"356","2021-08-23","18:10:56","0.990767","134","0",\N
"357","2021-08-23","18:10:57","0.977631","134","0",\N
"358","2021-08-23","18:10:59","0.962075","117","0",\N
"359","2021-08-23","18:11:00","0.961943","123","0",\N
"360","2021-08-23","18:11:02","0.976753","136","0",\N
"361","2021-08-23","18:11:05","0.953934","110","0",\N
"362","2021-08-23","18:11:06","0.924984","96","0",\N
"363","2021-08-23","18:11:10","0.964234","125","0",\N
"364","2021-08-23","18:11:11","0.965336","125","0",\N
"365","2021-08-23","18:11:13","0.985473","118","0",\N
"366","2021-08-23","18:11:16","0.900132","79","0",\N
"367","2021-08-23","18:11:20","0.919771","79","0",\N
"368","2021-08-23","18:11:23","0.958835","43","0",\N
"369","2021-08-23","18:11:23","0.942906","117","0",\N
"370","2021-08-23","18:11:24","0.970442","43","0",\N
"371","2021-08-23","18:11:25","0.91057","134","0",\N
"372","2021-08-23","18:11:29","0.948506","79","0",\N
"373","2021-08-23","18:11:32","0.994364","79","0",\N
"374","2021-08-23","18:11:39","0.998048","121","0",\N
"375","2021-08-23","18:11:44","0.914796","112","0",\N
"376","2021-08-23","18:11:45","0.969747","24","0",\N
"377","2021-08-23","18:11:46","0.928021","24","0",\N
"378","2021-08-23","18:11:47","0.959661","123","0",\N
"379","2021-08-23","18:11:47","0.909031","130","0",\N
"380","2021-08-23","18:11:48","0.935163","130","0",\N
"381","2021-08-23","18:11:50","0.971284","130","0",\N
"382","2021-08-23","18:11:50","0.908622","140","0",\N
"383","2021-08-23","18:11:51","0.954077","112","0",\N
"384","2021-08-23","18:11:53","0.974588","79","0",\N
"385","2021-08-23","18:11:54","0.91927","79","0",\N
"386","2021-08-23","18:11:58","0.991946","118","0",\N
"387","2021-08-23","18:11:58","0.907708","134","0",\N
"388","2021-08-23","18:12:03","0.993517","123","0",\N
"389","2021-08-23","18:12:04","0.992373","123","0",\N
"390","2021-08-23","18:12:05","0.990234","79","0",\N
"391","2021-08-23","18:12:05","0.947206","123","0",\N
"392","2021-08-23","18:12:08","0.995541","79","0",\N
"393","2021-08-23","18:12:08","0.943904","121","0",\N
"394","2021-08-23","18:12:08","0.93338","121","0",\N
"395","2021-08-23","18:12:11","0.938644","79","0",\N
"396","2021-08-23","18:12:12","0.996215","43","0",\N
"397","2021-08-23","18:12:12","0.994384","79","0",\N
"398","2021-08-23","18:12:13","0.994035","43","0",\N
"399","2021-08-23","18:12:13","0.986082","117","0",\N
"400","2021-08-23","18:12:13","0.984008","136","0",\N
"401","2021-08-23","18:12:14","0.943869","117","0",\N
"402","2021-08-23","18:12:15","0.990345","118","0",\N
"403","2021-08-23","18:12:15","0.953618","118","0",\N
"404","2021-08-23","18:12:16","0.986916","43","0",\N
"405","2021-08-23","18:12:16","0.976297","118","0",\N
"406","2021-08-23","18:12:16","0.958943","43","0",\N
"407","2021-08-23","18:12:16","0.955071","123","0",\N
"408","2021-08-23","18:12:22","0.923527","79","0",\N
"409","2021-08-23","18:12:22","0.992097","117","0",\N
"410","2021-08-23","18:12:22","0.953768","136","0",\N
"411","2021-08-23","18:12:23","0.997779","117","0",\N
"412","2021-08-23","18:12:23","0.985048","118","0",\N
"413","2021-08-23","18:12:23","0.993789","79","0",\N
"414","2021-08-23","18:12:23","0.926617","118","0",\N
"415","2021-08-23","18:12:24","0.976713","79","0",\N
"416","2021-08-23","18:12:24","0.954164","118","0",\N
"417","2021-08-23","18:12:26","0.998182","117","0",\N
"418","2021-08-23","18:12:28","0.978136","147","0",\N
"419","2021-08-23","18:12:29","0.959224","147","0",\N
"420","2021-08-23","18:12:32","0.927024","79","0",\N
"421","2021-08-23","18:12:33","0.93592","79","0",\N
"422","2021-08-23","18:12:34","0.998685","79","0",\N
"423","2021-08-23","18:12:39","0.931681","79","0",\N
"424","2021-08-23","18:12:39","0.900259","121","0",\N
"425","2021-08-23","18:12:40","0.994982","121","0",\N
"426","2021-08-23","18:12:40","0.918418","123","0",\N
"427","2021-08-23","18:12:41","0.993515","117","0",\N
"428","2021-08-23","18:12:41","0.976779","123","0",\N
"429","2021-08-23","18:12:42","0.908052","79","0",\N
"430","2021-08-23","18:12:43","0.968445","43","0",\N
"431","2021-08-23","18:13:11","0.941268","118","0",\N
"432","2021-08-23","18:13:12","0.922279","118","0",\N
"433","2021-08-23","18:13:13","0.985998","125","0",\N
"434","2021-08-23","18:13:16","0.959395","125","0",\N
"435","2021-08-23","18:13:17","0.994957","154","0",\N
"436","2021-08-23","18:13:20","0.949823","155","0",\N
"437","2021-08-23","18:13:24","0.98646","154","0",\N
"438","2021-08-23","18:13:24","0.945107","154","0",\N
"439","2021-08-23","18:13:26","0.97968","154","0",\N
"440","2021-08-23","18:13:29","0.996609","158","0",\N
"441","2021-08-23","18:13:37","0.910011","158","0",\N
"442","2021-08-23","18:13:39","0.986067","158","0",\N
"443","2021-08-23","18:13:42","0.956651","118","0",\N
"444","2021-08-23","18:13:43","0.967932","118","0",\N
"445","2021-08-23","18:13:52","0.981145","158","0",\N
"446","2021-08-23","18:13:52","0.900276","118","0",\N
"447","2021-08-23","18:13:53","0.911673","118","0",\N
"448","2021-08-23","18:13:54","0.984864","169","0",\N
"449","2021-08-23","18:13:54","0.939506","169","0",\N
"450","2021-08-23","18:13:55","0.974678","169","0",\N
"451","2021-08-23","18:13:56","0.907099","171","0",\N
"452","2021-08-23","18:13:59","0.973618","169","0",\N
"453","2021-08-23","18:14:00","0.956572","154","0",\N
"454","2021-08-23","18:14:05","0.926278","118","0",\N
"455","2021-08-23","18:14:06","0.937709","118","0",\N
"456","2021-08-23","18:14:08","0.921123","154","0",\N
"457","2021-08-23","18:14:08","0.978319","158","0",\N
"458","2021-08-23","18:14:08","0.913339","169","0",\N
"459","2021-08-23","18:14:10","0.97962","158","0",\N
"460","2021-08-23","18:14:10","0.979005","169","0",\N
"461","2021-08-23","18:14:12","0.969483","158","0",\N
"462","2021-08-23","18:14:12","0.998253","158","0",\N
"463","2021-08-23","18:14:13","0.997367","158","0",\N
"464","2021-08-23","18:14:14","0.915861","158","0",\N
"465","2021-08-23","18:14:15","0.925837","158","0",\N
"466","2021-08-23","18:14:17","0.918513","158","0",\N
"467","2021-08-23","18:14:18","0.997781","154","0",\N
"468","2021-08-23","18:14:19","0.949259","118","0",\N
"469","2021-08-23","18:14:20","0.996933","118","0",\N
"470","2021-08-23","18:14:21","0.989789","154","0",\N
"471","2021-08-23","18:14:21","0.939066","158","0",\N
"472","2021-08-23","18:14:21","0.992649","154","0",\N
"473","2021-08-23","18:14:22","0.993784","118","0",\N
"474","2021-08-23","18:14:22","0.957108","154","0",\N
"475","2021-08-23","18:14:23","0.962542","154","0",\N
"476","2021-08-23","18:14:23","0.949253","154","0",\N
"477","2021-08-23","18:14:24","0.955757","154","0",\N
"478","2021-08-23","18:14:24","0.912701","155","0",\N
"479","2021-08-23","18:14:24","0.96299","154","0",\N
"480","2021-08-23","18:14:24","0.95742","155","0",\N
"481","2021-08-23","18:14:25","0.94089","154","0",\N
"482","2021-08-23","18:14:26","0.916172","118","0",\N
"483","2021-08-23","18:14:27","0.947522","118","0",\N
"484","2021-08-23","18:14:28","0.916656","118","0",\N
"485","2021-08-23","18:14:29","0.948452","118","0",\N
"486","2021-08-23","18:14:30","0.918209","118","0",\N
"487","2021-08-23","18:14:31","0.915406","118","0",\N
"488","2021-08-23","18:14:33","0.974948","158","0",\N
"489","2021-08-23","18:14:34","0.900023","181","0",\N
"490","2021-08-23","18:14:35","0.918985","155","0",\N
"491","2021-08-23","18:14:37","0.907745","158","0",\N
"492","2021-08-23","18:14:38","0.998678","118","0",\N
"493","2021-08-23","18:14:39","0.946224","118","0",\N
"494","2021-08-23","18:14:40","0.903847","118","0",\N
"495","2021-08-23","18:14:40","0.985298","118","0",\N
"496","2021-08-23","18:14:41","0.927234","118","0",\N
"497","2021-08-23","18:14:42","0.991481","118","0",\N
"498","2021-08-23","18:14:42","0.976954","118","0",\N
"499","2021-08-23","18:14:43","0.990988","118","0",\N
"500","2021-08-23","18:14:43","0.998871","118","0",\N
"501","2021-08-23","18:14:44","0.962876","118","0",\N
"502","2021-08-23","18:14:45","0.994388","118","0",\N
"503","2021-08-23","18:14:46","0.997646","154","0",\N
"504","2021-08-23","18:14:47","0.998056","154","0",\N
"505","2021-08-23","18:14:47","0.988811","171","0",\N
"506","2021-08-23","18:14:52","0.991848","158","0",\N
"507","2021-08-23","18:14:53","0.97197","158","0",\N
"508","2021-08-23","18:14:53","0.980319","154","0",\N
"509","2021-08-23","18:14:53","0.926928","171","0",\N
"510","2021-08-23","18:14:54","0.981293","154","0",\N
"511","2021-08-23","18:14:55","0.966839","154","0",\N
"512","2021-08-23","18:14:56","0.97134","155","0",\N
"513","2021-08-23","18:14:57","0.992648","155","0",\N
"514","2021-08-23","18:14:58","0.935373","171","0",\N
"515","2021-08-23","18:14:59","0.96814","155","0",\N
"516","2021-08-23","18:14:59","0.997166","155","0",\N
"517","2021-08-23","18:15:00","0.984894","155","0",\N
"518","2021-08-23","18:15:01","0.950832","154","0",\N
"519","2021-08-23","18:15:03","0.977712","154","0",\N
"520","2021-08-23","18:15:03","0.910046","158","0",\N
"521","2021-08-23","18:15:04","0.963142","154","0",\N
"522","2021-08-23","18:15:04","0.961693","158","0",\N
"523","2021-08-23","18:15:05","0.920175","158","0",\N
"524","2021-08-23","18:15:09","0.997392","118","0",\N
"525","2021-08-23","18:15:09","0.937237","158","0",\N
"526","2021-08-23","18:15:10","0.990691","118","0",\N
"527","2021-08-23","18:15:10","0.973139","169","0",\N
"528","2021-08-23","18:15:10","0.960126","118","0",\N
"529","2021-08-23","18:15:12","0.972409","154","0",\N
"530","2021-08-23","18:15:12","0.998392","154","0",\N
"531","2021-08-23","18:15:13","0.959419","154","0",\N
"532","2021-08-23","18:15:14","0.976443","154","0",\N
"533","2021-08-23","18:15:15","0.997325","181","0",\N
"534","2021-08-23","18:15:17","0.991619","181","0",\N
"535","2021-08-23","18:15:18","0.995408","181","0",\N
"536","2021-08-23","18:15:19","0.919045","181","0",\N
"537","2021-08-23","18:15:21","0.978958","154","0",\N
"538","2021-08-23","18:15:23","0.977439","181","0",\N
"539","2021-08-23","18:15:24","0.997964","169","0",\N
"540","2021-08-23","18:15:26","0.994472","169","0",\N
"541","2021-08-23","18:15:26","0.976508","181","0",\N
"542","2021-08-23","18:15:27","0.994977","155","0",\N
"543","2021-08-23","18:15:27","0.992589","155","0",\N
"544","2021-08-23","18:15:27","0.943008","181","0",\N
"545","2021-08-23","18:15:28","0.946668","190","0",\N
"546","2021-08-23","18:15:29","0.984121","190","0",\N
"547","2021-08-23","18:15:30","0.994006","190","0",\N
"548","2021-08-23","18:15:31","0.926781","169","0",\N
"549","2021-08-23","18:15:32","0.986431","169","0",\N
"550","2021-08-23","18:15:34","0.973246","154","0",\N
"551","2021-08-23","18:15:34","0.928607","158","0",\N
"552","2021-08-23","18:15:35","0.968253","154","0",\N
"553","2021-08-23","18:15:35","0.919702","158","0",\N
"554","2021-08-23","18:16:11","0.930961","214","0",\N
"555","2021-08-23","18:16:15","0.908794","211","0",\N
"556","2021-08-23","18:16:16","0.928073","211","0",\N
"557","2021-08-23","18:16:18","0.924308","221","0",\N
"558","2021-08-23","18:16:20","0.912065","221","0",\N
"559","2021-08-23","18:16:21","0.981266","221","0",\N
"560","2021-08-23","18:16:23","0.963349","221","0",\N
"561","2021-08-23","18:16:24","0.90663","211","0",\N
"562","2021-08-23","18:16:27","0.990617","211","0",\N
"563","2021-08-23","18:16:28","0.993014","221","0",\N
"564","2021-08-23","18:16:28","0.976435","221","0",\N
"565","2021-08-23","18:16:29","0.984702","221","0",\N
"566","2021-08-23","18:16:31","0.940432","221","0",\N
"567","2021-08-23","18:16:31","0.964171","221","0",\N
"568","2021-08-23","18:16:42","0.951037","211","0",\N
"569","2021-08-23","18:16:44","0.947428","226","0",\N
"570","2021-08-23","18:16:45","0.948407","211","0",\N
"571","2021-08-23","18:16:45","0.947866","226","0",\N
"572","2021-08-23","18:16:46","0.971146","226","0",\N
"573","2021-08-23","18:16:49","0.924387","211","0",\N
"574","2021-08-23","18:16:49","0.931169","221","0",\N
"575","2021-08-23","18:16:50","0.931229","221","0",\N
"576","2021-08-23","18:17:05","0.981516","211","0",\N
"577","2021-08-23","18:17:05","0.971931","228","0",\N
"578","2021-08-23","18:17:06","0.989878","231","0",\N
"579","2021-08-23","18:17:07","0.959691","221","0",\N
"580","2021-08-23","18:17:08","0.973422","221","0",\N
"581","2021-08-23","18:17:08","0.905097","228","0",\N
"582","2021-08-23","18:17:11","0.967671","228","0",\N
"583","2021-08-23","18:17:12","0.994417","211","0",\N
"584","2021-08-23","18:17:12","0.938313","228","0",\N
"585","2021-08-23","18:17:14","0.942378","211","0",\N
"586","2021-08-23","18:17:16","0.955067","221","0",\N
"587","2021-08-23","18:17:17","0.940271","221","0",\N
"588","2021-08-23","18:17:17","0.992974","231","0",\N
"589","2021-08-23","18:17:19","0.919216","228","0",\N
"590","2021-08-23","18:17:21","0.980811","228","0",\N
"591","2021-08-23","18:17:22","0.965115","233","0",\N
"592","2021-08-23","18:17:25","0.928983","232","0",\N
"593","2021-08-23","18:17:26","0.931361","232","0",\N
"594","2021-08-23","18:17:26","0.977523","232","0",\N
"595","2021-08-23","18:17:28","0.918164","231","0",\N
"596","2021-08-23","18:17:28","0.983282","232","0",\N
"597","2021-08-23","18:17:29","0.961813","226","0",\N
"598","2021-08-23","18:17:30","0.935695","233","0",\N
"599","2021-08-23","18:17:30","0.993929","221","0",\N
"600","2021-08-23","18:17:31","0.942789","221","0",\N
"601","2021-08-23","18:17:32","0.953778","221","0",\N
"602","2021-08-23","18:17:32","0.995699","221","0",\N
"603","2021-08-23","18:17:34","0.927357","233","0",\N
"604","2021-08-23","18:17:35","0.973543","233","0",\N
"605","2021-08-23","18:17:36","0.96771","233","0",\N
"606","2021-08-23","18:17:37","0.979672","233","0",\N
"607","2021-08-23","18:17:37","0.928571","233","0",\N
"608","2021-08-23","18:17:38","0.965594","233","0",\N
"609","2021-08-23","18:17:39","0.972749","233","0",\N
"610","2021-08-23","18:17:40","0.996252","233","0",\N
"611","2021-08-23","18:17:40","0.929558","238","0",\N
"612","2021-08-23","18:17:41","0.961911","233","0",\N
"613","2021-08-23","18:17:43","0.932598","221","0",\N
"614","2021-08-23","18:17:43","0.976902","221","0",\N
"615","2021-08-23","18:17:46","0.983244","221","0",\N
"616","2021-08-23","18:17:47","0.979504","221","0",\N
"617","2021-08-23","18:17:47","0.992941","221","0",\N
"618","2021-08-23","18:17:49","0.919687","226","0",\N
"619","2021-08-23","18:17:50","0.913728","233","0",\N
"620","2021-08-23","18:17:50","0.967897","233","0",\N
"621","2021-08-23","18:17:53","0.998214","233","0",\N
"622","2021-08-23","18:17:53","0.996851","232","0",\N
"623","2021-08-23","18:17:54","0.986069","232","0",\N
"624","2021-08-23","18:17:54","0.980833","232","0",\N
"625","2021-08-23","18:17:56","0.983502","221","0",\N
"626","2021-08-23","18:17:58","0.965881","211","0",\N
"627","2021-08-23","18:18:00","0.933523","211","0",\N
"628","2021-08-23","18:18:01","0.939379","232","0",\N
"629","2021-08-23","18:18:02","0.992786","211","0",\N
"630","2021-08-23","18:18:03","0.976671","232","0",\N
"631","2021-08-23","18:18:04","0.998393","232","0",\N
"632","2021-08-23","18:18:04","0.960325","232","0",\N
"633","2021-08-23","18:18:04","0.994517","211","0",\N
"634","2021-08-23","18:18:06","0.964256","232","0",\N
"635","2021-08-23","18:18:07","0.990374","233","0",\N
"636","2021-08-23","18:18:08","0.973152","231","0",\N
"637","2021-08-23","18:18:10","0.918293","233","0",\N
"638","2021-08-23","18:18:10","0.977199","211","0",\N
"639","2021-08-23","18:18:10","0.923312","211","0",\N
"640","2021-08-23","18:18:11","0.965305","221","0",\N
"641","2021-08-23","18:18:11","0.986929","221","0",\N
"642","2021-08-23","18:18:12","0.98941","221","0",\N
"643","2021-08-23","18:18:12","0.997043","221","0",\N
"644","2021-08-23","18:18:12","0.987138","221","0",\N
"645","2021-08-23","18:18:13","0.978489","226","0",\N
"646","2021-08-23","18:18:14","0.939607","226","0",\N
"647","2021-08-23","18:18:15","0.909165","226","0",\N
"648","2021-08-23","18:18:15","0.981997","233","0",\N
"649","2021-08-23","18:18:15","0.930381","233","0",\N
"650","2021-08-23","18:18:16","0.986841","233","0",\N
"651","2021-08-23","18:18:17","0.964494","233","0",\N
"652","2021-08-23","18:18:17","0.901353","233","0",\N
"653","2021-08-23","18:18:17","0.975543","233","0",\N
"654","2021-08-23","18:18:18","0.975216","233","0",\N
"655","2021-08-23","18:18:18","0.949573","233","0",\N
"656","2021-08-23","18:18:21","0.957303","233","0",\N
"657","2021-08-23","18:18:22","0.996518","232","0",\N
"658","2021-08-23","18:18:23","0.999009","232","0",\N
"659","2021-08-23","18:18:24","0.997139","232","0",\N
"660","2021-08-23","18:18:24","0.997809","232","0",\N
"661","2021-08-23","18:18:25","0.99085","232","0",\N
"662","2021-08-23","18:18:25","0.991787","232","0",\N
"663","2021-08-23","18:18:26","0.93068","232","0",\N
"664","2021-08-23","18:18:27","0.992383","232","0",\N
"665","2021-08-23","18:18:29","0.998041","211","0",\N
"666","2021-08-23","18:18:31","0.998399","211","0",\N
"667","2021-08-23","18:18:31","0.994391","233","0",\N
"668","2021-08-23","18:18:32","0.993593","233","0",\N
"669","2021-08-23","18:18:32","0.99534","233","0",\N
"670","2021-08-23","18:18:32","0.987418","233","0",\N
"671","2021-08-23","18:18:33","0.996985","232","0",\N
"672","2021-08-23","18:18:33","0.993489","232","0",\N
"673","2021-08-23","18:18:34","0.986187","232","0",\N
"674","2021-08-23","18:18:34","0.991406","232","0",\N
"675","2021-08-23","18:18:34","0.993284","232","0",\N
"676","2021-08-23","18:18:35","0.985495","232","0",\N
"677","2021-08-23","18:18:35","0.992526","232","0",\N
"678","2021-08-23","18:18:36","0.997009","232","0",\N
"679","2021-08-23","18:18:36","0.994419","232","0",\N
"680","2021-08-23","18:18:36","0.991339","231","0",\N
"681","2021-08-23","18:18:37","0.993241","226","0",\N
"682","2021-08-23","18:18:37","0.996498","226","0",\N
"683","2021-08-23","18:18:38","0.997607","226","0",\N
"684","2021-08-23","18:18:38","0.996892","226","0",\N
"685","2021-08-23","18:18:39","0.998447","226","0",\N
"686","2021-08-23","18:18:40","0.995344","232","0",\N
"687","2021-08-23","18:18:41","0.987481","232","0",\N
"688","2021-08-23","18:18:42","0.974376","233","0",\N
"689","2021-08-23","18:18:42","0.938629","242","0",\N
"690","2021-08-23","18:18:42","0.994338","232","0",\N
"691","2021-08-23","18:18:42","0.953032","233","0",\N
"692","2021-08-23","18:18:43","0.980078","226","0",\N
"693","2021-08-23","18:18:43","0.925721","232","0",\N
"694","2021-08-23","18:18:46","0.989209","211","0",\N
"695","2021-08-23","18:18:49","0.998456","226","0",\N
"696","2021-08-23","18:18:50","0.990171","211","0",\N
"697","2021-08-23","18:18:50","0.922409","226","0",\N
"698","2021-08-23","18:18:53","0.996869","211","0",\N
"699","2021-08-23","18:18:54","0.967179","232","0",\N
"700","2021-08-23","18:18:55","0.972673","233","0",\N
"701","2021-08-23","18:18:55","0.986856","233","0",\N
"702","2021-08-23","18:18:56","0.993834","233","0",\N
"703","2021-08-23","18:18:56","0.914839","242","0",\N
"704","2021-08-23","18:18:57","0.995651","233","0",\N
"705","2021-08-23","18:18:57","0.997325","232","0",\N
"706","2021-08-23","18:18:57","0.987434","233","0",\N
"707","2021-08-23","18:18:58","0.997368","221","0",\N
"708","2021-08-23","18:18:58","0.996902","211","0",\N
"709","2021-08-23","18:18:58","0.930839","221","0",\N
"710","2021-08-23","18:19:01","0.998258","211","0",\N
"711","2021-08-23","18:19:04","0.90183","233","0",\N
"712","2021-08-23","18:19:06","0.992135","232","0",\N
"713","2021-08-23","18:19:07","0.901066","232","0",\N
"714","2021-08-23","18:19:07","0.948647","232","0",\N
"715","2021-08-23","18:19:08","0.907126","211","0",\N
"716","2021-08-23","18:19:08","0.947363","211","0",\N
"717","2021-08-23","18:19:10","0.922671","226","0",\N
"718","2021-08-23","18:19:11","0.989102","232","0",\N
"719","2021-08-23","18:19:14","0.978303","232","0",\N
"720","2021-08-23","18:19:15","0.959845","232","0",\N
"721","2021-08-23","18:19:17","0.964601","242","0",\N
"722","2021-08-23","18:19:18","0.996126","231","0",\N
"723","2021-08-23","18:19:18","0.99047","231","0",\N
"724","2021-08-23","18:19:19","0.943801","231","0",\N
"725","2021-08-23","18:19:20","0.940507","226","0",\N
"726","2021-08-23","18:19:21","0.946299","226","0",\N
"727","2021-08-23","18:19:23","0.94487","231","0",\N
"728","2021-08-23","18:19:27","0.902501","231","0",\N
"729","2021-08-23","18:19:29","0.936052","231","0",\N
"730","2021-08-23","18:19:29","0.982739","211","0",\N
"731","2021-08-23","18:19:29","0.922397","231","0",\N
"732","2021-08-23","18:19:30","0.979417","242","0",\N
"733","2021-08-23","18:19:35","0.939636","242","0",\N
"734","2021-08-23","18:19:35","0.959886","242","0",\N
"735","2021-08-23","18:19:38","0.979554","226","0",\N
"736","2021-08-23","18:19:38","0.92013","226","0",\N
"737","2021-08-23","18:19:39","0.914086","226","0",\N
"738","2021-08-23","18:19:42","0.956428","231","0",\N
"739","2021-08-23","18:19:42","0.955987","233","0",\N
"740","2021-08-23","18:19:42","0.992402","231","0",\N
"741","2021-08-23","18:19:42","0.938627","233","0",\N
"742","2021-08-23","18:19:43","0.983719","231","0",\N
"743","2021-08-23","18:19:44","0.964848","231","0",\N
"744","2021-08-23","18:19:44","0.94465","231","0",\N
"745","2021-08-23","18:19:46","0.9509","233","0",\N
"746","2021-08-23","18:19:47","0.990782","242","0",\N
"747","2021-08-23","18:19:47","0.983301","242","0",\N
"748","2021-08-23","18:19:48","0.990443","242","0",\N
"749","2021-08-23","18:19:48","0.986869","255","0",\N
"750","2021-08-23","18:19:49","0.997749","242","0",\N
"751","2021-08-23","18:19:49","0.96181","255","0",\N
"752","2021-08-23","18:19:50","0.995599","255","0",\N
"753","2021-08-23","18:19:51","0.976137","242","0",\N
"754","2021-08-23","18:19:52","0.973553","255","0",\N
"755","2021-08-23","18:19:54","0.987833","242","0",\N
"756","2021-08-23","18:19:54","0.940173","255","0",\N
"757","2021-08-23","18:19:55","0.936715","242","0",\N
"758","2021-08-23","18:19:57","0.978377","242","0",\N
"759","2021-08-23","18:19:58","0.953771","242","0",\N
"760","2021-08-23","18:19:59","0.936634","242","0",\N
"761","2021-08-23","18:20:00","0.940443","242","0",\N
"762","2021-08-23","18:20:00","0.978128","242","0",\N
"763","2021-08-23","18:20:01","0.983404","211","0",\N
"764","2021-08-23","18:20:01","0.975092","211","0",\N
"765","2021-08-23","18:20:01","0.935488","233","0",\N
"766","2021-08-23","18:20:03","0.984922","211","0",\N
"767","2021-08-23","18:20:05","0.951746","211","0",\N
"768","2021-08-23","18:20:06","0.933298","211","0",\N
"769","2021-08-23","18:20:06","0.990212","211","0",\N
"770","2021-08-23","18:20:06","0.944048","247","0",\N
"771","2021-08-23","18:20:07","0.954529","211","0",\N
"772","2021-08-23","18:20:08","0.98796","211","0",\N
"773","2021-08-23","18:20:08","0.936548","247","0",\N
"774","2021-08-23","18:20:10","0.960715","211","0",\N
"775","2021-08-23","18:20:10","0.943793","247","0",\N
"776","2021-08-23","18:20:10","0.998454","211","0",\N
"777","2021-08-23","18:20:10","0.962111","247","0",\N
"778","2021-08-23","18:20:11","0.988722","211","0",\N
"779","2021-08-23","18:20:11","0.942944","247","0",\N
"780","2021-08-23","18:20:12","0.990274","211","0",\N
"781","2021-08-23","18:20:12","0.995267","211","0",\N
"782","2021-08-23","18:20:13","0.992384","211","0",\N
"783","2021-08-23","18:20:14","0.946834","211","0",\N
"784","2021-08-23","18:20:14","0.964507","231","0",\N
"785","2021-08-23","18:20:14","0.908099","242","0",\N
"786","2021-08-23","18:20:16","0.962671","231","0",\N
"787","2021-08-23","18:20:18","0.993066","247","0",\N
"788","2021-08-23","18:20:19","0.995578","233","0",\N
"789","2021-08-23","18:20:19","0.981075","247","0",\N
"790","2021-08-23","18:20:20","0.994025","232","0",\N
"791","2021-08-23","18:20:20","0.942944","233","0",\N
"792","2021-08-23","18:20:20","0.99244","232","0",\N
"793","2021-08-23","18:20:20","0.964999","233","0",\N
"794","2021-08-23","18:20:21","0.979894","232","0",\N
"795","2021-08-23","18:20:21","0.956042","233","0",\N
"796","2021-08-23","18:20:21","0.938276","232","0",\N
"797","2021-08-23","18:20:22","0.933378","232","0",\N
"798","2021-08-23","18:20:26","0.918836","242","0",\N
"799","2021-08-23","18:20:27","0.958722","233","0",\N
"800","2021-08-23","18:20:29","0.980083","233","0",\N
"801","2021-08-23","18:20:29","0.971345","242","0",\N
"802","2021-08-23","18:20:49","0.942106","242","0",\N
"803","2021-08-23","18:20:54","0.964865","266","0",\N
"804","2021-08-23","18:20:55","0.964564","231","0",\N
"805","2021-08-23","18:20:56","0.92956","231","0",\N
"806","2021-08-23","18:20:56","0.940394","231","0",\N
"807","2021-08-23","18:20:57","0.940364","231","0",\N
"808","2021-08-23","18:20:58","0.943969","231","0",\N
"809","2021-08-23","18:20:59","0.959907","231","0",\N
"810","2021-08-23","18:21:01","0.96592","231","0",\N
"811","2021-08-23","18:21:01","0.981196","231","0",\N
"812","2021-08-23","18:21:02","0.965505","231","0",\N
"813","2021-08-23","18:21:03","0.934699","231","0",\N
"814","2021-08-23","18:21:10","0.997428","242","0",\N
"815","2021-08-23","18:21:11","0.990732","242","0",\N
"816","2021-08-23","18:21:12","0.900026","273","0",\N
"817","2021-08-23","18:21:12","0.956585","273","0",\N
"818","2021-08-23","18:21:13","0.954994","273","0",\N
"819","2021-08-23","18:21:14","0.993119","273","0",\N
"820","2021-08-23","18:21:15","0.994982","273","0",\N
"821","2021-08-23","18:21:19","0.992922","273","0",\N
"822","2021-08-23","18:21:20","0.96641","273","0",\N
"823","2021-08-23","18:21:20","0.959698","273","0",\N
"824","2021-08-23","18:21:22","0.969891","273","0",\N
"825","2021-08-23","18:21:24","0.968851","273","0",\N
"826","2021-08-23","18:21:26","0.99137","285","0",\N
"827","2021-08-23","18:21:28","0.949258","232","0",\N
"828","2021-08-23","18:21:32","0.947638","289","0",\N
"829","2021-08-23","18:21:35","0.942364","290","0",\N
"830","2021-08-23","18:21:36","0.973256","290","0",\N
"831","2021-08-23","18:21:36","0.970276","290","0",\N
"832","2021-08-23","18:21:44","0.952003","232","0",\N
"833","2021-08-23","18:21:45","0.965989","232","0",\N
"834","2021-08-23","18:21:47","0.978518","232","0",\N
"835","2021-08-23","18:21:49","0.904807","266","0",\N
"836","2021-08-23","18:21:49","0.953159","266","0",\N
"837","2021-08-23","18:21:49","0.969542","266","0",\N
"838","2021-08-23","18:21:54","0.940645","290","0",\N
"839","2021-08-23","18:21:55","0.924739","287","0",\N
"840","2021-08-23","18:21:56","0.974219","287","0",\N
"841","2021-08-23","18:21:57","0.938078","273","0",\N
"842","2021-08-23","18:21:58","0.931838","273","0",\N
"843","2021-08-23","18:21:59","0.98974","273","0",\N
"844","2021-08-23","18:21:59","0.901712","287","0",\N
"845","2021-08-23","18:22:00","0.987372","273","0",\N
"846","2021-08-23","18:22:01","0.950354","273","0",\N
"847","2021-08-23","18:22:01","0.941348","287","0",\N
"848","2021-08-23","18:22:01","0.961275","287","0",\N
"849","2021-08-23","18:22:04","0.926017","289","0",\N
"850","2021-08-23","18:22:04","0.98204","289","0",\N
"851","2021-08-23","18:22:04","0.943674","289","0",\N
"852","2021-08-23","18:22:07","0.961212","290","0",\N
"853","2021-08-23","18:22:08","0.922426","287","0",\N
"854","2021-08-23","18:22:08","0.994695","290","0",\N
"855","2021-08-23","18:22:10","0.964774","290","0",\N
"856","2021-08-23","18:22:11","0.972616","290","0",\N
"857","2021-08-23","18:22:12","0.907189","289","0",\N
"858","2021-08-23","18:22:12","0.974468","289","0",\N
"859","2021-08-23","18:22:12","0.935911","303","0",\N
"860","2021-08-23","18:22:15","0.917533","273","0",\N
"861","2021-08-23","18:22:17","0.993827","266","0",\N
"862","2021-08-23","18:22:17","0.993322","266","0",\N
"863","2021-08-23","18:22:21","0.934071","266","0",\N
"864","2021-08-23","18:22:25","0.982814","287","0",\N
"865","2021-08-23","18:22:25","0.945415","266","0",\N
"866","2021-08-23","18:22:30","0.901922","303","0",\N
"867","2021-08-23","18:22:31","0.961114","290","0",\N
"868","2021-08-23","18:22:31","0.939782","290","0",\N
"869","2021-08-23","18:22:33","0.966185","290","0",\N
"870","2021-08-23","18:22:38","0.949743","289","0",\N
"871","2021-08-23","18:22:41","0.972853","289","0",\N
"872","2021-08-23","18:22:50","0.947139","289","0",\N
"873","2021-08-23","18:22:51","0.920012","289","0",\N
"874","2021-08-23","18:22:55","0.905609","289","0",\N
"875","2021-08-23","18:22:56","0.940378","289","0",\N
"876","2021-08-23","18:22:57","0.91678","289","0",\N
"877","2021-08-23","18:23:03","0.913641","289","0",\N
"878","2021-08-23","18:23:06","0.913159","290","0",\N
"879","2021-08-23","18:23:11","0.976297","324","0",\N
"880","2021-08-23","18:23:11","0.936541","290","0",\N
"881","2021-08-23","18:23:12","0.952617","290","0",\N
"882","2021-08-23","18:23:13","0.950536","303","0",\N
"883","2021-08-23","18:23:13","0.903052","324","0",\N
"884","2021-08-23","18:23:13","0.955025","303","0",\N
"885","2021-08-23","18:23:14","0.940776","273","0",\N
"886","2021-08-23","18:23:19","0.981947","273","0",\N
"887","2021-08-23","18:23:22","0.904403","289","0",\N
"888","2021-08-23","18:23:24","0.993784","289","0",\N
"889","2021-08-23","18:23:24","0.928943","289","0",\N
"890","2021-08-23","18:23:25","0.991336","326","0",\N
"891","2021-08-23","18:23:25","0.993636","326","0",\N
"892","2021-08-23","18:23:26","0.991846","326","0",\N
"893","2021-08-23","18:23:26","0.983505","326","0",\N
"894","2021-08-23","18:23:26","0.99713","273","0",\N
"895","2021-08-23","18:23:27","0.992106","273","0",\N
"896","2021-08-23","18:23:28","0.997197","326","0",\N
"897","2021-08-23","18:23:28","0.980504","326","0",\N
"898","2021-08-23","18:23:28","0.948145","289","0",\N
"899","2021-08-23","18:23:32","0.946786","289","0",\N
"900","2021-08-23","18:23:38","0.963285","289","0",\N
"901","2021-08-23","18:23:39","0.96924","289","0",\N
"902","2021-08-23","18:23:42","0.987292","303","0",\N
"903","2021-08-23","18:23:42","0.987837","303","0",\N
"904","2021-08-23","18:23:44","0.997421","273","0",\N
"905","2021-08-23","18:23:44","0.993693","273","0",\N
"906","2021-08-23","18:23:45","0.969904","273","0",\N
"907","2021-08-23","18:23:45","0.994075","273","0",\N
"908","2021-08-23","18:23:45","0.997595","273","0",\N
"909","2021-08-23","18:23:46","0.973452","273","0",\N
"910","2021-08-23","18:23:47","0.979204","273","0",\N
"911","2021-08-23","18:23:47","0.923537","273","0",\N
"912","2021-08-23","18:23:48","0.962377","303","0",\N
"913","2021-08-23","18:23:52","0.996553","290","0",\N
"914","2021-08-23","18:23:52","0.959024","316","0",\N
"915","2021-08-23","18:23:56","0.948447","303","0",\N
"916","2021-08-23","18:24:02","0.932999","337","0",\N
"917","2021-08-23","18:24:03","0.907617","337","0",\N
"918","2021-08-23","18:24:03","0.991034","337","0",\N
"919","2021-08-23","18:24:04","0.986194","337","0",\N
"920","2021-08-23","18:24:05","0.984542","337","0",\N
"921","2021-08-23","18:24:05","0.974743","337","0",\N
"922","2021-08-23","18:24:06","0.935749","303","0",\N
"923","2021-08-23","18:24:06","0.952871","334","0",\N
"924","2021-08-23","18:24:07","0.990699","339","0",\N
"925","2021-08-23","18:24:08","0.963212","339","0",\N
"926","2021-08-23","18:24:12","0.901159","290","0",\N
"927","2021-08-23","18:24:13","0.992653","290","0",\N
"928","2021-08-23","18:24:14","0.953027","290","0",\N
"929","2021-08-23","18:24:15","0.981106","303","0",\N
"930","2021-08-23","18:24:15","0.96247","303","0",\N
"931","2021-08-23","18:24:15","0.911363","334","0",\N
"932","2021-08-23","18:24:16","0.995149","303","0",\N
"933","2021-08-23","18:24:16","0.965857","334","0",\N
"934","2021-08-23","18:24:16","0.939147","303","0",\N
"935","2021-08-23","18:24:16","0.928033","334","0",\N
"936","2021-08-23","18:24:17","0.938018","303","0",\N
"937","2021-08-23","18:24:18","0.946797","303","0",\N
"938","2021-08-23","18:24:18","0.97917","303","0",\N
"939","2021-08-23","18:24:19","0.955028","303","0",\N
"940","2021-08-23","18:24:19","0.970925","303","0",\N
"941","2021-08-23","18:24:20","0.962694","303","0",\N
"942","2021-08-23","18:24:21","0.981187","303","0",\N
"943","2021-08-23","18:24:23","0.994913","303","0",\N
"944","2021-08-23","18:24:23","0.992547","326","0",\N
"945","2021-08-23","18:24:23","0.997626","303","0",\N
"946","2021-08-23","18:24:23","0.992529","334","0",\N
"947","2021-08-23","18:24:24","0.977271","303","0",\N
"948","2021-08-23","18:24:24","0.965822","334","0",\N
"949","2021-08-23","18:24:25","0.988937","303","0",\N
"950","2021-08-23","18:24:25","0.931741","326","0",\N
"951","2021-08-23","18:24:26","0.992585","303","0",\N
"952","2021-08-23","18:24:27","0.975785","303","0",\N
"953","2021-08-23","18:24:28","0.91661","326","0",\N
"954","2021-08-23","18:24:31","0.977539","333","0",\N
"955","2021-08-23","18:24:33","0.901425","333","0",\N
"956","2021-08-23","18:24:33","0.953402","333","0",\N
"957","2021-08-23","18:24:34","0.90114","333","0",\N
"958","2021-08-23","18:24:34","0.95174","333","0",\N
"959","2021-08-23","18:24:35","0.975855","340","0",\N
"960","2021-08-23","18:24:36","0.965141","340","0",\N
"961","2021-08-23","18:24:38","0.928857","326","0",\N
"962","2021-08-23","18:24:44","0.997107","344","0",\N
"963","2021-08-23","18:24:44","0.916049","344","0",\N
"964","2021-08-23","18:24:44","0.996445","344","0",\N
"965","2021-08-23","18:24:45","0.995989","344","0",\N
"966","2021-08-23","18:24:45","0.996003","344","0",\N
"967","2021-08-23","18:24:46","0.969026","326","0",\N
"968","2021-08-23","18:24:46","0.937389","326","0",\N
"969","2021-08-23","18:24:48","0.99765","326","0",\N
"970","2021-08-23","18:32:57","0.956087","423","0",\N
"971","2021-08-23","18:32:58","0.985838","426","0",\N
"972","2021-08-23","18:32:59","0.991801","426","0",\N
"973","2021-08-23","18:32:59","0.971754","426","0",\N
"974","2021-08-23","18:33:00","0.962165","426","0",\N
"975","2021-08-23","18:33:01","0.95006","426","0",\N
"976","2021-08-23","18:33:02","0.96437","426","0",\N
"977","2021-08-23","18:33:05","0.973919","429","0",\N
"978","2021-08-23","18:33:06","0.915029","427","0",\N
"979","2021-08-23","18:33:07","0.946563","427","0",\N
"980","2021-08-23","18:33:07","0.94071","429","0",\N
"981","2021-08-23","18:33:08","0.978983","429","0",\N
"982","2021-08-23","18:33:08","0.97921","429","0",\N
"983","2021-08-23","18:33:09","0.957562","427","0",\N
"984","2021-08-23","18:33:10","0.902573","423","0",\N
"985","2021-08-23","18:33:15","0.94528","432","0",\N
"986","2021-08-23","18:33:23","0.961749","423","0",\N
"987","2021-08-23","18:33:27","0.936659","423","0",\N
"988","2021-08-23","18:33:27","0.957242","426","0",\N
"989","2021-08-23","18:33:28","0.90064","427","0",\N
"990","2021-08-23","18:33:29","0.952499","427","0",\N
"991","2021-08-23","18:33:31","0.935591","429","0",\N
"992","2021-08-23","18:33:31","0.933936","423","0",\N
"993","2021-08-23","18:33:31","0.950532","423","0",\N
"994","2021-08-23","18:33:32","0.994773","423","0",\N
"995","2021-08-23","18:33:33","0.98798","423","0",\N
"996","2021-08-23","18:33:33","0.993271","427","0",\N
"997","2021-08-23","18:33:34","0.998025","427","0",\N
"998","2021-08-23","18:33:34","0.998735","427","0",\N
"999","2021-08-23","18:33:34","0.976252","426","0",\N
"1000","2021-08-23","18:33:34","0.937185","429","0",\N
